FIPS,HR_UID,nameid,province,region,analysisTime,dates,pointprevalence_025,pointprevalence_50,pointprevalence_975,pointinfections_025,pointinfections_50,pointinfections_975,pointinfectious_025,pointinfectious_50,pointinfectious_975,pointinfectiousprevalence_05,pointinfectiousprevalence_50,pointinfectiousprevalence_95,infectrate_025,infectrate_50,infectrate_975
31069,0,USNebraskaGarden,Nebraska,Garden,2020-10-16 20:48:14.011610,2020-03-09 00:00:00.000000,0.01297743,0.08774844,0.27411447,0,1,5,0,0,2,0.00606925,0.04599533,0.16246793,0.37884985,0.53412944,0.75425249
31069,0,USNebraskaGarden,Nebraska,Garden,2020-10-16 20:48:14.011610,2020-03-10 00:00:00.000000,0.01433050,0.09641894,0.28662297,0,1,5,0,0,2,0.00660870,0.04505461,0.16143134,0.37884150,0.53381840,0.75424919
31069,0,USNebraskaGarden,Nebraska,Garden,2020-10-16 20:48:14.011610,2020-03-11 00:00:00.000000,0.01575639,0.10263157,0.30361674,0,1,5,0,0,3,0.00736586,0.04823729,0.16395376,0.37881940,0.53330863,0.75423806
31069,0,USNebraskaGarden,Nebraska,Garden,2020-10-16 20:48:14.011610,2020-03-12 00:00:00.000000,0.01728256,0.10989165,0.32708166,0,2,6,0,0,3,0.00824855,0.05121208,0.16868398,0.37876093,0.53313844,0.75420050
31069,0,USNebraskaGarden,Nebraska,Garden,2020-10-16 20:48:14.011610,2020-03-13 00:00:00.000000,0.01892990,0.12080515,0.35196064,0,2,6,0,1,3,0.00901942,0.05597775,0.17484622,0.37860632,0.53271587,0.75407376
31069,0,USNebraskaGarden,Nebraska,Garden,2020-10-16 20:48:14.011610,2020-03-14 00:00:00.000000,0.02071635,0.12903767,0.37853582,0,2,6,0,1,3,0.00987625,0.06066486,0.18199766,0.37819857,0.53190604,0.75364691
31069,0,USNebraskaGarden,Nebraska,Garden,2020-10-16 20:48:14.011610,2020-03-15 00:00:00.000000,0.02265879,0.14123679,0.40683583,0,2,7,0,1,3,0.01084998,0.06460563,0.18988782,0.37713061,0.53036215,0.75221699
31069,0,USNebraskaGarden,Nebraska,Garden,2020-10-16 20:48:14.011610,2020-03-16 00:00:00.000000,0.02477416,0.15552238,0.43665841,0,2,8,0,1,3,0.01192334,0.06982811,0.20095126,0.37438430,0.52415782,0.74751334
31069,0,USNebraskaGarden,Nebraska,Garden,2020-10-16 20:48:14.011610,2020-03-17 00:00:00.000000,0.02708006,0.17103582,0.46707837,0,3,8,0,1,3,0.01308868,0.07555235,0.21528581,0.35538097,0.51838214,0.73260980
31069,0,USNebraskaGarden,Nebraska,Garden,2020-10-16 20:48:14.011610,2020-03-18 00:00:00.000000,0.02961253,0.18790418,0.49984354,0,3,9,0,1,4,0.01434461,0.08328834,0.23229052,0.33591226,0.51430790,0.69374270
31069,0,USNebraskaGarden,Nebraska,Garden,2020-10-16 20:48:14.011610,2020-03-19 00:00:00.000000,0.03273991,0.20367829,0.53247386,0,3,9,0,1,4,0.01569361,0.09257425,0.25119137,0.30105541,0.50858136,0.65971390
31069,0,USNebraskaGarden,Nebraska,Garden,2020-10-16 20:48:14.011610,2020-03-20 00:00:00.000000,0.03614709,0.22309393,0.56516502,0,4,10,0,1,4,0.01713995,0.10220971,0.27161314,0.27628111,0.49228680,0.65328448
31069,0,USNebraskaGarden,Nebraska,Garden,2020-10-16 20:48:14.011610,2020-03-21 00:00:00.000000,0.03982542,0.23508656,0.58003565,0,4,10,0,2,5,0.01868736,0.11377533,0.29160287,0.27186120,0.47196605,0.65137880
31069,0,USNebraskaGarden,Nebraska,Garden,2020-10-16 20:48:14.011610,2020-03-22 00:00:00.000000,0.04374007,0.24330437,0.60689732,0,4,11,0,2,5,0.02037132,0.12497076,0.31161031,0.27145625,0.44389055,0.62907039
31069,0,USNebraskaGarden,Nebraska,Garden,2020-10-16 20:48:14.011610,2020-03-23 00:00:00.000000,0.04781983,0.26139329,0.64803327,0,4,11,0,2,5,0.02259351,0.13401410,0.31962952,0.27115153,0.41721016,0.61341029
31069,0,USNebraskaGarden,Nebraska,Garden,2020-10-16 20:48:14.011610,2020-03-24 00:00:00.000000,0.05196461,0.27345642,0.68796202,0,5,12,0,2,5,0.02496040,0.14292760,0.31329276,0.26892677,0.40624231,0.58777568
31069,0,USNebraskaGarden,Nebraska,Garden,2020-10-16 20:48:14.011610,2020-03-25 00:00:00.000000,0.05620210,0.28268489,0.72583265,1,5,13,0,2,5,0.02734865,0.14826008,0.31609862,0.25386834,0.39817793,0.57177280
31069,0,USNebraskaGarden,Nebraska,Garden,2020-10-16 20:48:14.011610,2020-03-26 00:00:00.000000,0.06189877,0.29353779,0.75967989,1,5,13,0,2,6,0.02976629,0.15373832,0.33650868,0.24568789,0.38442452,0.55618825
31069,0,USNebraskaGarden,Nebraska,Garden,2020-10-16 20:48:14.011610,2020-03-27 00:00:00.000000,0.06746502,0.30420263,0.78802169,1,5,14,0,2,6,0.03223461,0.16187390,0.35595535,0.23732533,0.36784132,0.52965091
31069,0,USNebraskaGarden,Nebraska,Garden,2020-10-16 20:48:14.011610,2020-03-28 00:00:00.000000,0.07278888,0.31167071,0.80579356,1,5,14,0,3,6,0.03476625,0.16712797,0.37374042,0.22008622,0.34582716,0.51833411
31069,0,USNebraskaGarden,Nebraska,Garden,2020-10-16 20:48:14.011610,2020-03-29 00:00:00.000000,0.07641018,0.32140937,0.81792348,1,5,15,0,3,7,0.03735314,0.16997022,0.38991737,0.21384141,0.33305098,0.51177351
31069,0,USNebraskaGarden,Nebraska,Garden,2020-10-16 20:48:14.011610,2020-03-30 00:00:00.000000,0.07712042,0.33452759,0.82875413,1,6,15,0,3,7,0.03999000,0.17216586,0.40479908,0.21065233,0.33041335,0.49833217
31069,0,USNebraskaGarden,Nebraska,Garden,2020-10-16 20:48:14.011610,2020-03-31 00:00:00.000000,0.08054993,0.33989474,0.83849606,1,6,15,0,3,7,0.04269540,0.17428867,0.41871042,0.20022714,0.32057446,0.49759391
31069,0,USNebraskaGarden,Nebraska,Garden,2020-10-16 20:48:14.011610,2020-04-01 00:00:00.000000,0.08510672,0.33655063,0.84445159,1,6,15,0,3,7,0.04505278,0.17915661,0.43188805,0.19004066,0.31363277,0.48971412
31069,0,USNebraskaGarden,Nebraska,Garden,2020-10-16 20:48:14.011610,2020-04-02 00:00:00.000000,0.08990581,0.33989361,0.84573916,1,6,15,0,3,8,0.04756784,0.18598162,0.44442847,0.18018089,0.30226987,0.48941044
31069,0,USNebraskaGarden,Nebraska,Garden,2020-10-16 20:48:14.011610,2020-04-03 00:00:00.000000,0.09495780,0.34280545,0.84558927,1,6,15,0,3,8,0.04912598,0.18718651,0.45625610,0.16964238,0.29782456,0.48806689
31069,0,USNebraskaGarden,Nebraska,Garden,2020-10-16 20:48:14.011610,2020-04-04 00:00:00.000000,0.09732124,0.34245225,0.84496967,1,6,15,0,3,8,0.05185044,0.19045841,0.46711314,0.15760970,0.28792273,0.48207439
31069,0,USNebraskaGarden,Nebraska,Garden,2020-10-16 20:48:14.011610,2020-04-05 00:00:00.000000,0.10107972,0.34522610,0.84383631,1,6,15,1,3,8,0.05472819,0.19184358,0.47662783,0.15638247,0.28460800,0.46180736
31069,0,USNebraskaGarden,Nebraska,Garden,2020-10-16 20:48:14.011610,2020-04-06 00:00:00.000000,0.10487025,0.35015242,0.84189274,1,6,15,1,3,8,0.05739890,0.18828450,0.48454544,0.15720536,0.27105020,0.43130146
31069,0,USNebraskaGarden,Nebraska,Garden,2020-10-16 20:48:14.011610,2020-04-07 00:00:00.000000,0.10679922,0.35313376,0.83923788,1,6,15,1,3,8,0.05892478,0.18795731,0.48652125,0.15476098,0.26431018,0.41484828
31069,0,USNebraskaGarden,Nebraska,Garden,2020-10-16 20:48:14.011610,2020-04-08 00:00:00.000000,0.10856134,0.35867189,0.83543829,1,6,15,1,3,8,0.06032526,0.19083995,0.48626702,0.14475155,0.25312948,0.41685553
31069,0,USNebraskaGarden,Nebraska,Garden,2020-10-16 20:48:14.011610,2020-04-09 00:00:00.000000,0.10851872,0.36551995,0.85386462,1,6,15,1,3,8,0.06162036,0.19645843,0.48541525,0.14830077,0.23951814,0.40517744
31069,0,USNebraskaGarden,Nebraska,Garden,2020-10-16 20:48:14.011610,2020-04-10 00:00:00.000000,0.10566516,0.37203620,0.87922312,1,6,16,1,3,8,0.06282156,0.19833591,0.48671345,0.14605314,0.22706827,0.39286651
31069,0,USNebraskaGarden,Nebraska,Garden,2020-10-16 20:48:14.011610,2020-04-11 00:00:00.000000,0.10270645,0.37300914,0.90387740,1,6,16,1,3,9,0.06391632,0.20171022,0.50241925,0.14220288,0.21988715,0.37659917
31069,0,USNebraskaGarden,Nebraska,Garden,2020-10-16 20:48:14.011610,2020-04-12 00:00:00.000000,0.09970079,0.37205452,0.91577288,1,6,16,1,3,9,0.06190280,0.20388594,0.50781565,0.13403044,0.20931995,0.36323958
31069,0,USNebraskaGarden,Nebraska,Garden,2020-10-16 20:48:14.011610,2020-04-13 00:00:00.000000,0.09670338,0.36842844,0.94501442,1,6,17,1,3,9,0.05952915,0.20263222,0.50921979,0.13091602,0.20445597,0.36457080
31069,0,USNebraskaGarden,Nebraska,Garden,2020-10-16 20:48:14.011610,2020-04-14 00:00:00.000000,0.09376038,0.35944357,0.96245459,1,6,17,1,3,9,0.05714917,0.20119901,0.50928896,0.13083008,0.20230678,0.37802823
31069,0,USNebraskaGarden,Nebraska,Garden,2020-10-16 20:48:14.011610,2020-04-15 00:00:00.000000,0.09005417,0.34983378,0.96219815,1,6,17,1,3,9,0.05480298,0.19827172,0.50907761,0.12690458,0.19963849,0.38621977
31069,0,USNebraskaGarden,Nebraska,Garden,2020-10-16 20:48:14.011610,2020-04-16 00:00:00.000000,0.08528472,0.34082722,0.94889458,1,6,17,0,3,9,0.05169678,0.19427740,0.52595020,0.12841224,0.19387351,0.38580701
31069,0,USNebraskaGarden,Nebraska,Garden,2020-10-16 20:48:14.011610,2020-04-17 00:00:00.000000,0.07976296,0.33982169,0.93483516,1,6,17,0,3,9,0.04850569,0.19086894,0.53478379,0.12063910,0.19263891,0.37366534
31069,0,USNebraskaGarden,Nebraska,Garden,2020-10-16 20:48:14.011610,2020-04-18 00:00:00.000000,0.07441045,0.33399189,0.92034159,1,6,16,0,3,9,0.04545570,0.19044059,0.53284278,0.11278953,0.18980861,0.31775680
31069,0,USNebraskaGarden,Nebraska,Garden,2020-10-16 20:48:14.011610,2020-04-19 00:00:00.000000,0.06922316,0.32495359,0.90561283,1,5,16,0,3,9,0.04252115,0.19012966,0.53096609,0.10765100,0.18918545,0.30888188
31069,0,USNebraskaGarden,Nebraska,Garden,2020-10-16 20:48:14.011610,2020-04-20 00:00:00.000000,0.06583395,0.32287797,0.89627115,1,5,16,0,3,9,0.04095417,0.18914255,0.52910877,0.09912053,0.18619909,0.31010203
31069,0,USNebraskaGarden,Nebraska,Garden,2020-10-16 20:48:14.011610,2020-04-21 00:00:00.000000,0.06422726,0.30907543,0.91642975,1,5,16,0,3,9,0.04021306,0.18496516,0.52706322,0.09398005,0.17905040,0.31092477
31069,0,USNebraskaGarden,Nebraska,Garden,2020-10-16 20:48:14.011610,2020-04-22 00:00:00.000000,0.06256987,0.30301398,0.92352780,1,5,16,0,3,9,0.03940537,0.18194413,0.52401528,0.09363284,0.16849733,0.30599939
31069,0,USNebraskaGarden,Nebraska,Garden,2020-10-16 20:48:14.011610,2020-04-23 00:00:00.000000,0.05927817,0.29147015,0.91856430,1,5,16,0,3,9,0.03825006,0.18115798,0.52017598,0.09359939,0.16621134,0.30021913
31069,0,USNebraskaGarden,Nebraska,Garden,2020-10-16 20:48:14.011610,2020-04-24 00:00:00.000000,0.05539436,0.28053319,0.90983685,1,5,16,0,3,9,0.03634985,0.17691882,0.51579864,0.09365199,0.16474112,0.29940017
31069,0,USNebraskaGarden,Nebraska,Garden,2020-10-16 20:48:14.011610,2020-04-25 00:00:00.000000,0.05173170,0.27099266,0.89989004,0,4,16,0,3,9,0.03449537,0.17082709,0.51102231,0.09380203,0.16144814,0.29474683
31069,0,USNebraskaGarden,Nebraska,Garden,2020-10-16 20:48:14.011610,2020-04-26 00:00:00.000000,0.04828393,0.25945077,0.88935456,0,4,16,0,3,9,0.03269703,0.16675613,0.50594220,0.09287423,0.15640405,0.30673305
31069,0,USNebraskaGarden,Nebraska,Garden,2020-10-16 20:48:14.011610,2020-04-27 00:00:00.000000,0.04504096,0.24897630,0.87853384,0,4,16,0,2,9,0.03096248,0.15987211,0.50062357,0.08767686,0.15182274,0.31858005
31069,0,USNebraskaGarden,Nebraska,Garden,2020-10-16 20:48:14.011610,2020-04-28 00:00:00.000000,0.04200646,0.23906021,0.86775491,0,4,15,0,2,9,0.02929726,0.15226586,0.49696898,0.08613255,0.14900925,0.31845881
31069,0,USNebraskaGarden,Nebraska,Garden,2020-10-16 20:48:14.011610,2020-04-29 00:00:00.000000,0.03912341,0.23017805,0.85762227,0,4,15,0,2,9,0.02770466,0.14556388,0.49264008,0.08573345,0.14580434,0.31603966
31069,0,USNebraskaGarden,Nebraska,Garden,2020-10-16 20:48:14.011610,2020-04-30 00:00:00.000000,0.03634858,0.22316326,0.84935416,0,4,15,0,2,8,0.02618573,0.14186006,0.48786018,0.08184094,0.14504724,0.31054767
31069,0,USNebraskaGarden,Nebraska,Garden,2020-10-16 20:48:14.011610,2020-05-01 00:00:00.000000,0.03366366,0.21705496,0.84751370,0,3,15,0,2,8,0.02448327,0.13869029,0.48312760,0.07535356,0.14348712,0.30589461
31069,0,USNebraskaGarden,Nebraska,Garden,2020-10-16 20:48:14.011610,2020-05-02 00:00:00.000000,0.03108822,0.20768929,0.85041707,0,3,15,0,2,8,0.02273902,0.13453690,0.48391142,0.07319016,0.14423267,0.30341589
31069,0,USNebraskaGarden,Nebraska,Garden,2020-10-16 20:48:14.011610,2020-05-03 00:00:00.000000,0.02865179,0.19729470,0.85263834,0,3,15,0,2,9,0.02106665,0.12902187,0.49040618,0.07226177,0.13913497,0.30045425
31069,0,USNebraskaGarden,Nebraska,Garden,2020-10-16 20:48:14.011610,2020-05-04 00:00:00.000000,0.02637099,0.18676933,0.86014335,0,3,15,0,2,9,0.01947458,0.12237047,0.49688529,0.06852847,0.13605705,0.29493620
31069,0,USNebraskaGarden,Nebraska,Garden,2020-10-16 20:48:14.011610,2020-05-05 00:00:00.000000,0.02424980,0.17695586,0.86598529,0,3,15,0,2,9,0.01797379,0.11608574,0.50326085,0.06570246,0.13451218,0.28501077
31069,0,USNebraskaGarden,Nebraska,Garden,2020-10-16 20:48:14.011610,2020-05-06 00:00:00.000000,0.02228470,0.16812947,0.87547048,0,3,16,0,2,9,0.01656412,0.10956949,0.50928679,0.06514499,0.13148863,0.27279019
31069,0,USNebraskaGarden,Nebraska,Garden,2020-10-16 20:48:14.011610,2020-05-07 00:00:00.000000,0.02046748,0.16035688,0.88520362,0,2,16,0,1,9,0.01524779,0.10367960,0.51449579,0.06477147,0.12821430,0.27283632
31069,0,USNebraskaGarden,Nebraska,Garden,2020-10-16 20:48:14.011610,2020-05-08 00:00:00.000000,0.01878480,0.15387278,0.89494759,0,2,16,0,1,9,0.01402368,0.09847507,0.51842346,0.06378176,0.12497084,0.27052436
31069,0,USNebraskaGarden,Nebraska,Garden,2020-10-16 20:48:14.011610,2020-05-09 00:00:00.000000,0.01721702,0.14620475,0.90460578,0,2,16,0,1,9,0.01288736,0.09302392,0.51205330,0.06126153,0.12081858,0.26831156
31069,0,USNebraskaGarden,Nebraska,Garden,2020-10-16 20:48:14.011610,2020-05-10 00:00:00.000000,0.01575219,0.14144745,0.90911767,0,2,16,0,1,9,0.01183094,0.08780244,0.50079939,0.05793555,0.11739192,0.27166732
31069,0,USNebraskaGarden,Nebraska,Garden,2020-10-16 20:48:14.011610,2020-05-11 00:00:00.000000,0.01439413,0.13706717,0.91079733,0,2,16,0,1,9,0.01084665,0.08293916,0.49941863,0.05607047,0.11558035,0.27064545
31069,0,USNebraskaGarden,Nebraska,Garden,2020-10-16 20:48:14.011610,2020-05-12 00:00:00.000000,0.01314357,0.13323565,0.91161455,0,2,16,0,1,9,0.00993125,0.08028665,0.50436711,0.05545485,0.11611950,0.26856211
31069,0,USNebraskaGarden,Nebraska,Garden,2020-10-16 20:48:14.011610,2020-05-13 00:00:00.000000,0.01199532,0.12905621,0.91139640,0,2,16,0,1,9,0.00908332,0.07860676,0.50926345,0.05518782,0.11290146,0.26470146
31069,0,USNebraskaGarden,Nebraska,Garden,2020-10-16 20:48:14.011610,2020-05-14 00:00:00.000000,0.01094092,0.12453283,0.90994317,0,2,16,0,1,9,0.00830074,0.07690446,0.51217200,0.05463134,0.11069565,0.26517922
31069,0,USNebraskaGarden,Nebraska,Garden,2020-10-16 20:48:14.011610,2020-05-15 00:00:00.000000,0.00996756,0.12004289,0.90709243,0,2,16,0,1,9,0.00758000,0.07512136,0.50733415,0.05269110,0.11090609,0.26532350
31069,0,USNebraskaGarden,Nebraska,Garden,2020-10-16 20:48:14.011610,2020-05-16 00:00:00.000000,0.00906218,0.11565503,0.90236618,0,2,16,0,1,9,0.00691561,0.07344842,0.50016697,0.05192398,0.10899587,0.25995372
31069,0,USNebraskaGarden,Nebraska,Garden,2020-10-16 20:48:14.011610,2020-05-17 00:00:00.000000,0.00822484,0.11139849,0.89628678,0,2,16,0,1,9,0.00630089,0.07207608,0.49110612,0.05041487,0.10827665,0.25130212
31069,0,USNebraskaGarden,Nebraska,Garden,2020-10-16 20:48:14.011610,2020-05-18 00:00:00.000000,0.07626848,0.23246787,1.12971364,1,4,20,0,1,8,0.00573212,0.06903350,0.48083529,0.04978358,0.10506387,0.24152483
31069,0,USNebraskaGarden,Nebraska,Garden,2020-10-16 20:48:14.011610,2020-05-19 00:00:00.000000,0.11140440,0.35739290,1.36209570,2,6,25,0,1,9,0.02640270,0.09471723,0.51615170,0.04959319,0.10292206,0.22696014
31069,0,USNebraskaGarden,Nebraska,Garden,2020-10-16 20:48:14.011610,2020-05-20 00:00:00.000000,0.13919299,0.45443793,1.67259152,2,8,30,0,2,10,0.04662129,0.13409625,0.58681858,0.04968230,0.10136388,0.22713976
31069,0,USNebraskaGarden,Nebraska,Garden,2020-10-16 20:48:14.011610,2020-05-21 00:00:00.000000,0.16683468,0.58762880,2.14667239,3,10,39,1,3,12,0.05894072,0.19282940,0.67725352,0.05020824,0.09892106,0.22667911
31069,0,USNebraskaGarden,Nebraska,Garden,2020-10-16 20:48:14.011610,2020-05-22 00:00:00.000000,0.19351906,0.67666490,2.65983369,3,12,48,1,4,14,0.07305877,0.24859032,0.80067668,0.04864697,0.09569218,0.22252147
31069,0,USNebraskaGarden,Nebraska,Garden,2020-10-16 20:48:14.011610,2020-05-23 00:00:00.000000,0.21886175,0.78781152,3.15305303,4,14,57,1,5,18,0.08675756,0.30144614,1.02510432,0.04488378,0.09225272,0.20598262
31069,0,USNebraskaGarden,Nebraska,Garden,2020-10-16 20:48:14.011610,2020-05-24 00:00:00.000000,0.24265173,0.89794949,3.62161862,4,16,66,1,6,22,0.10042787,0.36604627,1.19836153,0.04431060,0.08975717,0.19768774
31069,0,USNebraskaGarden,Nebraska,Garden,2020-10-16 20:48:14.011610,2020-05-25 00:00:00.000000,0.74491214,1.29537909,3.61204245,13,23,66,2,7,26,0.11440326,0.42881331,1.42391723,0.04413986,0.08880462,0.19495297
31069,0,USNebraskaGarden,Nebraska,Garden,2020-10-16 20:48:14.011610,2020-05-26 00:00:00.000000,1.11919262,1.64219077,3.57539437,20,30,65,4,10,28,0.27137481,0.55243335,1.57355567,0.04257932,0.08667152,0.19259461
31069,0,USNebraskaGarden,Nebraska,Garden,2020-10-16 20:48:14.011610,2020-05-27 00:00:00.000000,1.31740819,2.07517205,3.50905158,24,38,64,7,12,30,0.42853827,0.69106906,1.68229582,0.04189537,0.08599321,0.18903571
31069,0,USNebraskaGarden,Nebraska,Garden,2020-10-16 20:48:14.011610,2020-05-28 00:00:00.000000,1.39580696,2.50547511,3.65395936,25,46,67,10,15,32,0.58371560,0.86374141,1.75879303,0.04096911,0.08341635,0.18353474
31069,0,USNebraskaGarden,Nebraska,Garden,2020-10-16 20:48:14.011610,2020-05-29 00:00:00.000000,1.54384809,2.89608401,3.98075036,28,53,73,12,19,33,0.70536818,1.06883898,1.82215002,0.03969633,0.08247348,0.17022184
31069,0,USNebraskaGarden,Nebraska,Garden,2020-10-16 20:48:14.011610,2020-05-30 00:00:00.000000,1.64629170,3.19835401,4.39698178,30,58,80,14,23,35,0.78987008,1.30421414,1.92308741,0.03959092,0.08014862,0.17013208
31069,0,USNebraskaGarden,Nebraska,Garden,2020-10-16 20:48:14.011610,2020-05-31 00:00:00.000000,1.74138595,3.46039353,4.71438954,31,63,86,15,27,39,0.85141429,1.51369231,2.14047932,0.03904255,0.07837300,0.16975777
31069,0,USNebraskaGarden,Nebraska,Garden,2020-10-16 20:48:14.011610,2020-06-01 00:00:00.000000,1.70117163,3.36727827,4.60259450,31,61,84,17,31,43,0.92904545,1.70572942,2.38706366,0.03899476,0.07477596,0.15952966
31069,0,USNebraskaGarden,Nebraska,Garden,2020-10-16 20:48:14.011610,2020-06-02 00:00:00.000000,1.60125403,3.27731197,4.41780084,29,60,81,17,33,46,0.95089661,1.79998927,2.52471553,0.03897909,0.07246647,0.15091545
31069,0,USNebraskaGarden,Nebraska,Garden,2020-10-16 20:48:14.011610,2020-06-03 00:00:00.000000,1.50218772,3.15350697,4.27314901,27,57,78,17,33,47,0.93854155,1.81054467,2.58518147,0.03896831,0.07171472,0.14764365
31069,0,USNebraskaGarden,Nebraska,Garden,2020-10-16 20:48:14.011610,2020-06-04 00:00:00.000000,1.42545258,2.98860376,4.12369250,26,54,75,16,32,47,0.91312441,1.77050568,2.59231380,0.03891963,0.07201758,0.14659556
31069,0,USNebraskaGarden,Nebraska,Garden,2020-10-16 20:48:14.011610,2020-06-05 00:00:00.000000,1.34790362,2.82639040,3.97147609,24,51,72,16,31,47,0.87961100,1.71570690,2.56271416,0.03857031,0.07256701,0.14312394
31069,0,USNebraskaGarden,Nebraska,Garden,2020-10-16 20:48:14.011610,2020-06-06 00:00:00.000000,1.26962622,2.64664584,3.81701744,23,48,70,15,30,46,0.84123418,1.65478555,2.50763788,0.03784158,0.07194368,0.13840856
31069,0,USNebraskaGarden,Nebraska,Garden,2020-10-16 20:48:14.011610,2020-06-07 00:00:00.000000,1.17279516,2.45905101,3.65904314,21,45,67,14,29,44,0.78874051,1.59267171,2.43467917,0.03739317,0.07199566,0.13733849
31069,0,USNebraskaGarden,Nebraska,Garden,2020-10-16 20:48:14.011610,2020-06-08 00:00:00.000000,1.06800902,2.28186889,3.48148364,19,41,63,13,27,43,0.72288640,1.51704810,2.34919270,0.03699693,0.07253245,0.13812841
31069,0,USNebraskaGarden,Nebraska,Garden,2020-10-16 20:48:14.011610,2020-06-09 00:00:00.000000,0.97146726,2.10637500,3.28885654,17,38,60,12,26,41,0.66074257,1.42816504,2.24734620,0.03680727,0.07329464,0.13929627
31069,0,USNebraskaGarden,Nebraska,Garden,2020-10-16 20:48:14.011610,2020-06-10 00:00:00.000000,0.88253120,1.94838290,3.10361287,16,35,57,11,24,39,0.60241994,1.34477259,2.13834686,0.03678913,0.07391349,0.14320352
31069,0,USNebraskaGarden,Nebraska,Garden,2020-10-16 20:48:14.011610,2020-06-11 00:00:00.000000,0.80094273,1.81451094,2.98423307,14,33,54,10,23,37,0.54822255,1.27546412,2.05192847,0.03676873,0.07420373,0.13945875
31069,0,USNebraskaGarden,Nebraska,Garden,2020-10-16 20:48:14.011610,2020-06-12 00:00:00.000000,0.72627053,1.68239018,2.82945800,13,30,51,9,22,36,0.49820190,1.19971350,1.96388323,0.03675628,0.07366573,0.13449221
31069,0,USNebraskaGarden,Nebraska,Garden,2020-10-16 20:48:14.011610,2020-06-13 00:00:00.000000,0.65792522,1.56431339,2.68071616,12,28,49,8,20,34,0.45224063,1.13151615,1.86523371,0.03681721,0.07177391,0.13140872
31069,0,USNebraskaGarden,Nebraska,Garden,2020-10-16 20:48:14.011610,2020-06-14 00:00:00.000000,0.59543648,1.44743734,2.53966762,10,26,46,7,19,32,0.41009800,1.04944457,1.76494163,0.03688300,0.07287539,0.13593856
31069,0,USNebraskaGarden,Nebraska,Garden,2020-10-16 20:48:14.011610,2020-06-15 00:00:00.000000,0.59078679,1.43060513,2.45769838,10,26,45,6,17,30,0.37151287,0.96352393,1.66821021,0.03606985,0.07583463,0.14184215
31069,0,USNebraskaGarden,Nebraska,Garden,2020-10-16 20:48:14.011610,2020-06-16 00:00:00.000000,0.60237433,1.42276040,2.39890829,11,26,44,6,16,29,0.35098447,0.89950534,1.60965788,0.03547603,0.07227324,0.14397743
31069,0,USNebraskaGarden,Nebraska,Garden,2020-10-16 20:48:14.011610,2020-06-17 00:00:00.000000,0.61842741,1.42080010,2.39099095,11,26,43,6,15,28,0.33800064,0.86353703,1.56688493,0.03508211,0.07080596,0.13907095
31069,0,USNebraskaGarden,Nebraska,Garden,2020-10-16 20:48:14.011610,2020-06-18 00:00:00.000000,0.62596915,1.38730725,2.37010166,11,25,43,6,15,28,0.33275200,0.84893464,1.52549813,0.03486721,0.07110932,0.12649505
31069,0,USNebraskaGarden,Nebraska,Garden,2020-10-16 20:48:14.011610,2020-06-19 00:00:00.000000,0.63484191,1.40522905,2.31790404,11,25,42,6,15,27,0.34360436,0.83336800,1.47733132,0.03492653,0.07131838,0.12119920
31069,0,USNebraskaGarden,Nebraska,Garden,2020-10-16 20:48:14.011610,2020-06-20 00:00:00.000000,0.64366762,1.42813134,2.26793083,11,26,41,6,15,26,0.34692875,0.82242646,1.43434968,0.03580616,0.07273338,0.12160691
31069,0,USNebraskaGarden,Nebraska,Garden,2020-10-16 20:48:14.011610,2020-06-21 00:00:00.000000,0.63591334,1.43507312,2.21989815,11,26,40,6,15,25,0.35112075,0.81877973,1.39606355,0.03632137,0.07329344,0.12287630
31069,0,USNebraskaGarden,Nebraska,Garden,2020-10-16 20:48:14.011610,2020-06-22 00:00:00.000000,0.63416451,1.41847215,2.18306298,11,26,40,6,15,25,0.34708669,0.82292146,1.36198075,0.03627875,0.07262825,0.12473921
31069,0,USNebraskaGarden,Nebraska,Garden,2020-10-16 20:48:14.011610,2020-06-23 00:00:00.000000,0.63296626,1.43756660,2.14830510,11,26,39,6,14,25,0.34271082,0.81586089,1.36896512,0.03626036,0.07229854,0.12730334
31069,0,USNebraskaGarden,Nebraska,Garden,2020-10-16 20:48:14.011610,2020-06-24 00:00:00.000000,0.63203366,1.46519293,2.22008867,11,26,40,6,14,25,0.34035177,0.81637577,1.41226848,0.03610885,0.07198494,0.12499903
31069,0,USNebraskaGarden,Nebraska,Garden,2020-10-16 20:48:14.011610,2020-06-25 00:00:00.000000,0.63142142,1.46799908,2.24163838,11,26,41,6,15,26,0.33437067,0.82692989,1.45954921,0.03578623,0.07110809,0.12474649
31069,0,USNebraskaGarden,Nebraska,Garden,2020-10-16 20:48:14.011610,2020-06-26 00:00:00.000000,0.63089984,1.45750691,2.22454813,11,26,40,6,15,27,0.33254719,0.82871740,1.48928984,0.03561546,0.07142387,0.12439254
31069,0,USNebraskaGarden,Nebraska,Garden,2020-10-16 20:48:14.011610,2020-06-27 00:00:00.000000,0.63037388,1.43415923,2.25446432,11,26,41,6,15,27,0.33131832,0.82548571,1.46998704,0.03400072,0.07112120,0.12271733
31069,0,USNebraskaGarden,Nebraska,Garden,2020-10-16 20:48:14.011610,2020-06-28 00:00:00.000000,0.62981893,1.41370135,2.28369544,11,25,41,6,15,26,0.33044564,0.82066277,1.44979200,0.03261281,0.07088716,0.12579845
31069,0,USNebraskaGarden,Nebraska,Garden,2020-10-16 20:48:14.011610,2020-06-29 00:00:00.000000,0.58450683,1.33706766,2.20299208,10,24,40,6,15,26,0.32978251,0.82053567,1.42853210,0.03139417,0.06986416,0.13660812
31069,0,USNebraskaGarden,Nebraska,Garden,2020-10-16 20:48:14.011610,2020-06-30 00:00:00.000000,0.53918783,1.25710720,2.12096995,9,23,38,5,15,25,0.32014479,0.82117774,1.40009068,0.03101139,0.06944648,0.14518954
31069,0,USNebraskaGarden,Nebraska,Garden,2020-10-16 20:48:14.011610,2020-07-01 00:00:00.000000,0.49188890,1.18228282,2.03593666,9,21,37,5,14,25,0.30477206,0.79351026,1.36686329,0.03075797,0.06874927,0.14457726
31069,0,USNebraskaGarden,Nebraska,Garden,2020-10-16 20:48:14.011610,2020-07-02 00:00:00.000000,0.44431135,1.10809178,1.94930340,8,20,35,5,13,24,0.28599259,0.75513777,1.33065299,0.02919133,0.06816395,0.14263494
31069,0,USNebraskaGarden,Nebraska,Garden,2020-10-16 20:48:14.011610,2020-07-03 00:00:00.000000,0.39954372,1.03405774,1.86128491,7,18,34,4,13,23,0.26546199,0.71068065,1.29272906,0.02845649,0.06811727,0.13855834
31069,0,USNebraskaGarden,Nebraska,Garden,2020-10-16 20:48:14.011610,2020-07-04 00:00:00.000000,0.35823368,0.96754113,1.77126552,6,17,32,4,12,23,0.24434429,0.66984510,1.25391012,0.02846586,0.06709122,0.13829126
31069,0,USNebraskaGarden,Nebraska,Garden,2020-10-16 20:48:14.011610,2020-07-05 00:00:00.000000,0.32067814,0.89894835,1.69712980,5,16,31,4,11,22,0.22311413,0.62903669,1.21456388,0.02870962,0.06683714,0.13760122
31069,0,USNebraskaGarden,Nebraska,Garden,2020-10-16 20:48:14.011610,2020-07-06 00:00:00.000000,0.28697391,0.83579379,1.63471942,5,15,30,3,10,21,0.20177930,0.58795669,1.17474638,0.02912474,0.06436147,0.13752756
31069,0,USNebraskaGarden,Nebraska,Garden,2020-10-16 20:48:14.011610,2020-07-07 00:00:00.000000,0.25704726,0.77633983,1.57362043,4,14,28,3,10,20,0.18084470,0.55094825,1.13468331,0.02971931,0.06283631,0.13757624
31069,0,USNebraskaGarden,Nebraska,Garden,2020-10-16 20:48:14.011610,2020-07-08 00:00:00.000000,0.23061480,0.72253419,1.51414912,4,13,27,2,9,20,0.16202507,0.51526440,1.09476289,0.03045699,0.06213167,0.13763848
31069,0,USNebraskaGarden,Nebraska,Garden,2020-10-16 20:48:14.011610,2020-07-09 00:00:00.000000,0.20723745,0.67684663,1.45619845,3,12,26,2,8,19,0.14526220,0.48059512,1.05531224,0.03051649,0.06227852,0.13780214
31069,0,USNebraskaGarden,Nebraska,Garden,2020-10-16 20:48:14.011610,2020-07-10 00:00:00.000000,0.18646891,0.63154731,1.39944500,3,11,25,2,8,18,0.13038951,0.44409112,1.01651758,0.02794482,0.06436196,0.13808120
31069,0,USNebraskaGarden,Nebraska,Garden,2020-10-16 20:48:14.011610,2020-07-11 00:00:00.000000,0.16793781,0.57971443,1.34377527,3,10,24,2,7,17,0.11718816,0.41503398,0.97842298,0.02661968,0.06350219,0.13844243
31069,0,USNebraskaGarden,Nebraska,Garden,2020-10-16 20:48:14.011610,2020-07-12 00:00:00.000000,0.15134960,0.53631257,1.28950334,2,9,23,1,7,17,0.10543995,0.38638304,0.94102823,0.02715562,0.06213945,0.13880934
31069,0,USNebraskaGarden,Nebraska,Garden,2020-10-16 20:48:14.011610,2020-07-13 00:00:00.000000,0.13646283,0.49575800,1.24777374,2,9,22,1,6,16,0.09495289,0.35905357,0.90440399,0.02498398,0.06342643,0.13912311
31069,0,USNebraskaGarden,Nebraska,Garden,2020-10-16 20:48:14.011610,2020-07-14 00:00:00.000000,0.12253945,0.46036001,1.21068800,2,8,22,1,6,15,0.08556516,0.33439398,0.86866983,0.02487997,0.06286577,0.13946762
31069,0,USNebraskaGarden,Nebraska,Garden,2020-10-16 20:48:14.011610,2020-07-15 00:00:00.000000,0.10731217,0.42763581,1.17744430,1,7,21,1,5,15,0.07714229,0.31230009,0.83393181,0.02516629,0.06275069,0.14039951
31069,0,USNebraskaGarden,Nebraska,Garden,2020-10-16 20:48:14.011610,2020-07-16 00:00:00.000000,0.09377096,0.39637260,1.14882854,1,7,21,1,5,14,0.06938312,0.29090851,0.80025398,0.02462517,0.06306492,0.14183227
31069,0,USNebraskaGarden,Nebraska,Garden,2020-10-16 20:48:14.011610,2020-07-17 00:00:00.000000,0.08179060,0.36451378,1.12442887,1,6,20,1,4,14,0.06084309,0.27019535,0.76764927,0.02433518,0.06243812,0.13959949
31069,0,USNebraskaGarden,Nebraska,Garden,2020-10-16 20:48:14.011610,2020-07-18 00:00:00.000000,0.07123616,0.33418799,1.10299410,1,6,20,0,4,13,0.05323419,0.24830676,0.73607762,0.02505259,0.06427780,0.14599089
31069,0,USNebraskaGarden,Nebraska,Garden,2020-10-16 20:48:14.011610,2020-07-19 00:00:00.000000,0.06442287,0.30597751,1.08337551,1,5,19,0,4,12,0.04648769,0.22649422,0.70546547,0.02483007,0.06424846,0.14908255
31069,0,USNebraskaGarden,Nebraska,Garden,2020-10-16 20:48:14.011610,2020-07-20 00:00:00.000000,0.05855806,0.28002630,1.04338577,1,5,19,0,3,12,0.04053135,0.20692588,0.67575739,0.02383585,0.06548889,0.15045135
31069,0,USNebraskaGarden,Nebraska,Garden,2020-10-16 20:48:14.011610,2020-07-21 00:00:00.000000,0.05327151,0.25631551,0.99952136,0,4,18,0,3,12,0.03529189,0.19022203,0.65450322,0.02378445,0.06581284,0.15095967
31069,0,USNebraskaGarden,Nebraska,Garden,2020-10-16 20:48:14.011610,2020-07-22 00:00:00.000000,0.04849170,0.23464677,0.95761030,0,4,17,0,3,11,0.03173397,0.17487563,0.64127480,0.02375793,0.06665300,0.15090977
31069,0,USNebraskaGarden,Nebraska,Garden,2020-10-16 20:48:14.011610,2020-07-23 00:00:00.000000,0.04305302,0.21596828,0.91763992,0,3,16,0,2,11,0.02882278,0.16074947,0.62889693,0.02317174,0.06826883,0.15031344
31069,0,USNebraskaGarden,Nebraska,Garden,2020-10-16 20:48:14.011610,2020-07-24 00:00:00.000000,0.03805784,0.20029769,0.87964850,0,3,16,0,2,11,0.02620104,0.14768268,0.61717347,0.02307524,0.06782497,0.14884198
31069,0,USNebraskaGarden,Nebraska,Garden,2020-10-16 20:48:14.011610,2020-07-25 00:00:00.000000,0.03362208,0.18428189,0.84360582,0,3,15,0,2,11,0.02383113,0.13555218,0.60591754,0.02293199,0.06761468,0.14588897
31069,0,USNebraskaGarden,Nebraska,Garden,2020-10-16 20:48:14.011610,2020-07-26 00:00:00.000000,0.02968000,0.16867592,0.80931997,0,3,14,0,2,10,0.02168201,0.12430259,0.59492439,0.02282338,0.06860330,0.14180367
31069,0,USNebraskaGarden,Nebraska,Garden,2020-10-16 20:48:14.011610,2020-07-27 00:00:00.000000,0.02617797,0.15451397,0.77656390,0,2,14,0,2,10,0.01946094,0.11389874,0.58394965,0.02268300,0.06787536,0.14114477
31069,0,USNebraskaGarden,Nebraska,Garden,2020-10-16 20:48:14.011610,2020-07-28 00:00:00.000000,0.02307387,0.14171345,0.74484107,0,2,13,0,1,10,0.01719842,0.10430543,0.57272862,0.02249840,0.06802485,0.14034365
31069,0,USNebraskaGarden,Nebraska,Garden,2020-10-16 20:48:14.011610,2020-07-29 00:00:00.000000,0.02032783,0.13135815,0.71390451,0,2,13,0,1,10,0.01518773,0.09550800,0.55712381,0.02225955,0.06761992,0.14359467
31069,0,USNebraskaGarden,Nebraska,Garden,2020-10-16 20:48:14.011610,2020-07-30 00:00:00.000000,0.01790148,0.12178481,0.68435777,0,2,12,0,1,9,0.01340324,0.08835410,0.53447706,0.02195961,0.06753020,0.14429721
31069,0,USNebraskaGarden,Nebraska,Garden,2020-10-16 20:48:14.011610,2020-07-31 00:00:00.000000,0.01575934,0.11291164,0.65624743,0,2,12,0,1,9,0.01182157,0.08141997,0.51268532,0.02160262,0.06670769,0.14502258
31069,0,USNebraskaGarden,Nebraska,Garden,2020-10-16 20:48:14.011610,2020-08-01 00:00:00.000000,0.01386905,0.10467199,0.62964748,0,1,11,0,1,9,0.01042130,0.07465931,0.49150188,0.02117451,0.06731308,0.14627440
31069,0,USNebraskaGarden,Nebraska,Garden,2020-10-16 20:48:14.011610,2020-08-02 00:00:00.000000,0.01220103,0.09701907,0.60449789,0,1,11,0,1,8,0.00918276,0.06842819,0.46661954,0.02084737,0.06747472,0.15103395
31069,0,USNebraskaGarden,Nebraska,Garden,2020-10-16 20:48:14.011610,2020-08-03 00:00:00.000000,0.06160442,0.19967527,0.63473282,1,3,11,0,1,8,0.00808799,0.06268545,0.43694222,0.02060679,0.06665650,0.15499748
31069,0,USNebraskaGarden,Nebraska,Garden,2020-10-16 20:48:14.011610,2020-08-04 00:00:00.000000,0.09996211,0.29539997,0.88672623,1,5,16,0,1,7,0.02320487,0.08038362,0.43473960,0.02049773,0.06628745,0.15881074
31069,0,USNebraskaGarden,Nebraska,Garden,2020-10-16 20:48:14.011610,2020-08-05 00:00:00.000000,0.12899258,0.37360637,1.00995686,2,6,18,0,2,8,0.04112962,0.11142672,0.45228418,0.02010315,0.06611021,0.15895862
31069,0,USNebraskaGarden,Nebraska,Garden,2020-10-16 20:48:14.011610,2020-08-06 00:00:00.000000,0.15809700,0.44869376,1.22990277,2,8,22,1,2,8,0.05989061,0.15120156,0.46356061,0.01970855,0.06605115,0.15836745
31069,0,USNebraskaGarden,Nebraska,Garden,2020-10-16 20:48:14.011610,2020-08-07 00:00:00.000000,0.18614006,0.52626933,1.36941330,3,9,25,1,3,9,0.07127580,0.19672763,0.53268181,0.01948193,0.06583417,0.15610473
31069,0,USNebraskaGarden,Nebraska,Garden,2020-10-16 20:48:14.011610,2020-08-08 00:00:00.000000,0.21091465,0.61029918,1.60173209,3,11,29,1,4,11,0.08119793,0.23327664,0.60504956,0.01941893,0.06672122,0.15012144
31069,0,USNebraskaGarden,Nebraska,Garden,2020-10-16 20:48:14.011610,2020-08-09 00:00:00.000000,0.23061148,0.67475964,1.82351350,4,12,33,1,5,12,0.09140202,0.27275670,0.69880256,0.01972337,0.06615021,0.14350931
31069,0,USNebraskaGarden,Nebraska,Garden,2020-10-16 20:48:14.011610,2020-08-10 00:00:00.000000,0.29529032,0.78821607,2.02997567,5,14,37,1,5,14,0.10147452,0.31655771,0.81319117,0.01962041,0.06720705,0.14319329
31069,0,USNebraskaGarden,Nebraska,Garden,2020-10-16 20:48:14.011610,2020-08-11 00:00:00.000000,0.35888227,0.92735860,2.02030970,6,17,37,2,6,17,0.12045785,0.36178279,0.93762041,0.01990868,0.06700102,0.14243694
31069,0,USNebraskaGarden,Nebraska,Garden,2020-10-16 20:48:14.011610,2020-08-12 00:00:00.000000,0.42216945,1.06283057,1.99369791,7,19,36,2,8,18,0.14709294,0.43848833,1.02870325,0.02041688,0.06708617,0.14098130
31069,0,USNebraskaGarden,Nebraska,Garden,2020-10-16 20:48:14.011610,2020-08-13 00:00:00.000000,0.51125737,1.19907841,2.09597116,9,22,38,3,9,19,0.19873835,0.49444352,1.05566887,0.02122787,0.06634803,0.14850940
31069,0,USNebraskaGarden,Nebraska,Garden,2020-10-16 20:48:14.011610,2020-08-14 00:00:00.000000,0.60038368,1.23710270,2.24140147,11,22,41,4,10,19,0.25284117,0.58025027,1.06432218,0.02237272,0.06519485,0.15716941
31069,0,USNebraskaGarden,Nebraska,Garden,2020-10-16 20:48:14.011610,2020-08-15 00:00:00.000000,0.66008546,1.27493995,2.37284380,12,23,43,5,11,19,0.27286565,0.63370572,1.06035045,0.02279602,0.06593612,0.16622508
31069,0,USNebraskaGarden,Nebraska,Garden,2020-10-16 20:48:14.011610,2020-08-16 00:00:00.000000,0.68689908,1.33338207,2.54919923,12,24,46,5,12,22,0.30333986,0.67921978,1.19772380,0.02312608,0.06582549,0.17468559
31069,0,USNebraskaGarden,Nebraska,Garden,2020-10-16 20:48:14.011610,2020-08-17 00:00:00.000000,0.77168862,1.42665948,2.61636999,14,26,48,6,13,24,0.33684132,0.72034027,1.35743566,0.02334005,0.06579387,0.18177040
31069,0,USNebraskaGarden,Nebraska,Garden,2020-10-16 20:48:14.011610,2020-08-18 00:00:00.000000,0.85183349,1.54155586,2.66845104,15,28,49,7,13,26,0.38612078,0.75739963,1.43541488,0.02365737,0.06610369,0.18717515
31069,0,USNebraskaGarden,Nebraska,Garden,2020-10-16 20:48:14.011610,2020-08-19 00:00:00.000000,0.92409486,1.60900636,2.70374200,16,29,49,7,14,26,0.42729770,0.80023171,1.42433427,0.02376101,0.06651123,0.19101381
31069,0,USNebraskaGarden,Nebraska,Garden,2020-10-16 20:48:14.011610,2020-08-20 00:00:00.000000,0.99343201,1.63575913,2.72592442,18,30,50,8,15,26,0.47087420,0.82556191,1.44763087,0.02379426,0.06576302,0.19360932
31069,0,USNebraskaGarden,Nebraska,Garden,2020-10-16 20:48:14.011610,2020-08-21 00:00:00.000000,1.02377288,1.67570264,2.79983140,18,30,51,9,16,26,0.50402237,0.88508108,1.45500971,0.02381633,0.06470949,0.19532421
31069,0,USNebraskaGarden,Nebraska,Garden,2020-10-16 20:48:14.011610,2020-08-22 00:00:00.000000,1.03453672,1.77859075,2.94433137,19,32,54,9,16,26,0.53126730,0.90744453,1.46930456,0.02299430,0.06485587,0.19642694
31069,0,USNebraskaGarden,Nebraska,Garden,2020-10-16 20:48:14.011610,2020-08-23 00:00:00.000000,1.04843706,1.78166407,3.00514683,19,32,55,10,17,27,0.55548131,0.93752460,1.52293936,0.02314626,0.06638726,0.19166482
31069,0,USNebraskaGarden,Nebraska,Garden,2020-10-16 20:48:14.011610,2020-08-24 00:00:00.000000,1.01285187,1.81993861,2.92952617,18,33,53,10,17,28,0.56136507,0.97511998,1.54930357,0.02279575,0.06685387,0.17729334
31069,0,USNebraskaGarden,Nebraska,Garden,2020-10-16 20:48:14.011610,2020-08-25 00:00:00.000000,0.98317786,1.79059294,2.85305841,18,32,52,10,18,28,0.57270217,0.99042156,1.56650260,0.02226975,0.06636639,0.17495559
31069,0,USNebraskaGarden,Nebraska,Garden,2020-10-16 20:48:14.011610,2020-08-26 00:00:00.000000,0.92770136,1.78391604,2.77402619,17,32,50,10,18,29,0.58643925,1.00025124,1.61403225,0.02171807,0.06711281,0.17412536
31069,0,USNebraskaGarden,Nebraska,Garden,2020-10-16 20:48:14.011610,2020-08-27 00:00:00.000000,0.90716034,1.79981956,2.71918983,16,33,49,10,18,30,0.57406290,1.01099326,1.64786341,0.02165000,0.06821310,0.17207863
31069,0,USNebraskaGarden,Nebraska,Garden,2020-10-16 20:48:14.011610,2020-08-28 00:00:00.000000,0.89629325,1.77352085,2.70010915,16,32,49,10,18,30,0.54843843,0.99900012,1.65666472,0.02155919,0.06730173,0.16771119
31069,0,USNebraskaGarden,Nebraska,Garden,2020-10-16 20:48:14.011610,2020-08-29 00:00:00.000000,0.88665506,1.80745938,2.75088291,16,33,50,9,18,29,0.52487755,0.99111527,1.60944194,0.02134170,0.06867604,0.16024900
31069,0,USNebraskaGarden,Nebraska,Garden,2020-10-16 20:48:14.011610,2020-08-30 00:00:00.000000,0.87804682,1.80250082,2.80040939,16,33,51,9,18,28,0.50363306,0.98625883,1.56159680,0.02096103,0.07214486,0.15939479
31069,0,USNebraskaGarden,Nebraska,Garden,2020-10-16 20:48:14.011610,2020-08-31 00:00:00.000000,0.84863173,1.79523789,2.78394659,15,32,51,8,18,29,0.48459141,0.99008503,1.62820321,0.02068386,0.07365019,0.16483749
31069,0,USNebraskaGarden,Nebraska,Garden,2020-10-16 20:48:14.011610,2020-09-01 00:00:00.000000,0.81775480,1.77832112,2.78797629,15,32,51,8,18,31,0.46900782,1.00801765,1.69091131,0.02058638,0.07403447,0.17027741
31069,0,USNebraskaGarden,Nebraska,Garden,2020-10-16 20:48:14.011610,2020-09-02 00:00:00.000000,0.76990200,1.75608550,2.90282011,14,32,53,8,18,31,0.45621824,1.01169241,1.72412886,0.02056245,0.07502362,0.17539704
31069,0,USNebraskaGarden,Nebraska,Garden,2020-10-16 20:48:14.011610,2020-09-03 00:00:00.000000,0.74259949,1.74663239,3.02189837,13,32,55,8,18,31,0.44535323,1.00843915,1.71414875,0.02055907,0.07512158,0.18035939
31069,0,USNebraskaGarden,Nebraska,Garden,2020-10-16 20:48:14.011610,2020-09-04 00:00:00.000000,0.73347228,1.72370453,3.14373837,13,31,57,7,18,30,0.42807947,0.98564599,1.67233598,0.02056105,0.07333728,0.18524879
31069,0,USNebraskaGarden,Nebraska,Garden,2020-10-16 20:48:14.011610,2020-09-05 00:00:00.000000,0.70610082,1.68970132,3.26718984,12,31,60,7,17,29,0.41333791,0.97717605,1.62732229,0.02055587,0.07305839,0.19273639
31069,0,USNebraskaGarden,Nebraska,Garden,2020-10-16 20:48:14.011610,2020-09-06 00:00:00.000000,0.68040496,1.65933899,3.30546348,12,30,60,7,17,29,0.39866876,0.95529590,1.61490125,0.02049465,0.07502606,0.19321853
31069,0,USNebraskaGarden,Nebraska,Garden,2020-10-16 20:48:14.011610,2020-09-07 00:00:00.000000,0.68659993,1.63603718,3.22838525,12,30,59,7,17,30,0.38465167,0.96166977,1.67463466,0.02021873,0.07651716,0.19374553
31069,0,USNebraskaGarden,Nebraska,Garden,2020-10-16 20:48:14.011610,2020-09-08 00:00:00.000000,0.69466449,1.63061370,3.18751458,12,29,58,6,17,31,0.37726372,0.95163774,1.70853697,0.01972661,0.07849590,0.19400391
31069,0,USNebraskaGarden,Nebraska,Garden,2020-10-16 20:48:14.011610,2020-09-09 00:00:00.000000,0.69434320,1.61660071,3.20151285,12,29,58,6,17,31,0.37448347,0.94261895,1.72467924,0.01972780,0.08096484,0.19408259
31069,0,USNebraskaGarden,Nebraska,Garden,2020-10-16 20:48:14.011610,2020-09-10 00:00:00.000000,0.71476783,1.56885352,3.20259113,13,28,58,6,17,32,0.37700494,0.93514139,1.75082444,0.01964424,0.08238817,0.19407354
31069,0,USNebraskaGarden,Nebraska,Garden,2020-10-16 20:48:14.011610,2020-09-11 00:00:00.000000,0.71370726,1.51966285,3.18468289,13,27,58,6,16,32,0.36698478,0.91945328,1.77580320,0.01958678,0.08503617,0.19408053
31069,0,USNebraskaGarden,Nebraska,Garden,2020-10-16 20:48:14.011610,2020-09-12 00:00:00.000000,0.72992002,1.52299548,3.15143270,13,27,57,6,16,32,0.37422998,0.90019538,1.79043503,0.01957182,0.08564098,0.19938903
31069,0,USNebraskaGarden,Nebraska,Garden,2020-10-16 20:48:14.011610,2020-09-13 00:00:00.000000,0.74395534,1.52853653,3.08450796,13,28,56,7,15,32,0.38346766,0.86151582,1.76415675,0.01956860,0.08565003,0.20408819
31069,0,USNebraskaGarden,Nebraska,Garden,2020-10-16 20:48:14.011610,2020-09-14 00:00:00.000000,0.75383165,1.62805594,3.17276045,13,29,58,7,15,31,0.38780874,0.84092165,1.72175832,0.01956728,0.08559540,0.21101188
31069,0,USNebraskaGarden,Nebraska,Garden,2020-10-16 20:48:14.011610,2020-09-15 00:00:00.000000,0.75297096,1.65512557,3.32389258,13,30,61,7,15,31,0.40986422,0.85931014,1.72995953,0.01955517,0.08530439,0.21536155
31069,0,USNebraskaGarden,Nebraska,Garden,2020-10-16 20:48:14.011610,2020-09-16 00:00:00.000000,0.75691644,1.70529459,3.42835630,13,31,62,7,16,32,0.42044722,0.89392189,1.75544823,0.01948419,0.08581462,0.21658119
31069,0,USNebraskaGarden,Nebraska,Garden,2020-10-16 20:48:14.011610,2020-09-17 00:00:00.000000,0.76367933,1.74778365,3.53046360,14,32,64,7,17,32,0.42997397,0.93172317,1.77627718,0.01944446,0.08646202,0.21909380
31069,0,USNebraskaGarden,Nebraska,Garden,2020-10-16 20:48:14.011610,2020-09-18 00:00:00.000000,0.77171750,1.75470692,3.63164670,14,32,66,8,17,34,0.43840575,0.96371940,1.85111745,0.01945582,0.08752576,0.22563717
31069,0,USNebraskaGarden,Nebraska,Garden,2020-10-16 20:48:14.011610,2020-09-19 00:00:00.000000,0.78039527,1.77963960,3.86645980,14,32,71,8,18,36,0.44583353,0.99121071,1.96407375,0.01949902,0.09023294,0.24709735
31069,0,USNebraskaGarden,Nebraska,Garden,2020-10-16 20:48:14.011610,2020-09-20 00:00:00.000000,0.78931204,1.82715090,4.20795660,14,33,77,8,18,37,0.45235923,0.98848130,2.01421726,0.01961491,0.09247066,0.25600465
31069,0,USNebraskaGarden,Nebraska,Garden,2020-10-16 20:48:14.011610,2020-09-21 00:00:00.000000,1.12112340,2.11859664,4.16362642,20,38,76,8,18,37,0.45808066,1.01820183,2.06659421,0.01990743,0.09506464,0.26130003
31069,0,USNebraskaGarden,Nebraska,Garden,2020-10-16 20:48:14.011610,2020-09-22 00:00:00.000000,1.24641008,2.42933855,4.09921544,22,44,75,9,19,38,0.51115194,1.05836065,2.11799044,0.02055508,0.09624985,0.26380515
31069,0,USNebraskaGarden,Nebraska,Garden,2020-10-16 20:48:14.011610,2020-09-23 00:00:00.000000,1.47234792,2.64772668,4.24542542,27,48,77,10,21,39,0.59420090,1.17494043,2.17132839,0.02164787,0.09746407,0.26886558
31069,0,USNebraskaGarden,Nebraska,Garden,2020-10-16 20:48:14.011610,2020-09-24 00:00:00.000000,1.63016894,2.89630228,4.73713281,29,53,87,12,24,40,0.69277383,1.34669979,2.22691065,0.02284617,0.09855447,0.28457181
31069,0,USNebraskaGarden,Nebraska,Garden,2020-10-16 20:48:14.011610,2020-09-25 00:00:00.000000,1.75518759,3.08591420,5.22613642,32,56,96,14,27,41,0.78245853,1.50157131,2.28400394,0.02363508,0.09992921,0.29963409
31069,0,USNebraskaGarden,Nebraska,Garden,2020-10-16 20:48:14.011610,2020-09-26 00:00:00.000000,1.87667219,3.41330797,5.70869748,34,62,104,15,29,43,0.84229530,1.63151829,2.34189349,0.02388177,0.10202307,0.30475743
31069,0,USNebraskaGarden,Nebraska,Garden,2020-10-16 20:48:14.011610,2020-09-27 00:00:00.000000,1.99408879,3.59869877,6.18212998,36,66,113,16,32,46,0.90474221,1.77647880,2.54971848,0.02367137,0.10439625,0.32435713
31069,0,USNebraskaGarden,Nebraska,Garden,2020-10-16 20:48:14.011610,2020-09-28 00:00:00.000000,2.02981113,3.56252582,6.16290760,37,65,113,17,35,51,0.96651976,1.93267028,2.78698499,0.02318329,0.10544634,0.33550439
31069,0,USNebraskaGarden,Nebraska,Garden,2020-10-16 20:48:14.011610,2020-09-29 00:00:00.000000,2.06101544,3.55911276,6.13189034,37,65,112,18,37,54,1.01091150,2.01866698,2.96954222,0.02274396,0.10741284,0.33370446
31069,0,USNebraskaGarden,Nebraska,Garden,2020-10-16 20:48:14.011610,2020-09-30 00:00:00.000000,1.98011943,3.55504923,6.12935961,36,65,112,19,38,57,1.04228035,2.07042827,3.10963205,0.02251067,0.10712587,0.32841671
31069,0,USNebraskaGarden,Nebraska,Garden,2020-10-16 20:48:14.011610,2020-10-01 00:00:00.000000,1.86794619,3.50356598,6.36867277,34,64,116,19,38,58,1.06388828,2.07131838,3.21055231,0.02201993,0.10671663,0.31969151
31069,0,USNebraskaGarden,Nebraska,Garden,2020-10-16 20:48:14.011610,2020-10-02 00:00:00.000000,1.75840005,3.40232011,6.81962040,32,62,125,19,37,60,1.07877485,2.04452749,3.27719540,0.01993599,0.10624246,0.30857130
31069,0,USNebraskaGarden,Nebraska,Garden,2020-10-16 20:48:14.011610,2020-10-03 00:00:00.000000,1.73202457,3.36423237,6.88301873,31,61,126,18,37,61,1.03016551,2.04303632,3.33671796,0.01905009,0.10812106,0.31050286
31069,0,USNebraskaGarden,Nebraska,Garden,2020-10-16 20:48:14.011610,2020-10-04 00:00:00.000000,1.76677421,3.40542023,6.88652570,32,62,126,17,36,65,0.97368836,2.00967733,3.56670418,0.01880872,0.10817508,0.30679462
31069,0,USNebraskaGarden,Nebraska,Garden,2020-10-16 20:48:14.011610,2020-10-05 00:00:00.000000,1.86943436,3.41057961,6.92594835,34,62,127,16,36,66,0.91813768,2.00382937,3.61017743,0.01875189,0.10708820,0.30450591
31069,0,USNebraskaGarden,Nebraska,Garden,2020-10-16 20:48:14.011610,2020-10-06 00:00:00.000000,2.10449110,3.48901489,6.95663655,38,64,127,17,36,66,0.95991678,1.98819395,3.63300676,0.01874446,0.10584143,0.30372372
31069,0,USNebraskaGarden,Nebraska,Garden,2020-10-16 20:48:14.011610,2020-10-07 00:00:00.000000,2.24905510,3.69403257,6.98262331,41,67,128,19,36,67,1.05696745,2.00610249,3.65350724,0.01875350,0.10402603,0.30347990
31069,0,USNebraskaGarden,Nebraska,Garden,2020-10-16 20:48:14.011610,2020-10-08 00:00:00.000000,2.34973662,3.79935257,7.00545880,43,69,128,20,37,67,1.08992254,2.04593981,3.67172879,0.01877266,0.10739216,0.30360493
31069,0,USNebraskaGarden,Nebraska,Garden,2020-10-16 20:48:14.011610,2020-10-09 00:00:00.000000,2.41892560,3.95609150,7.03041150,44,72,129,20,38,67,1.12670654,2.08640234,3.69773075,0.01880251,0.10919240,0.30639043
31069,0,USNebraskaGarden,Nebraska,Garden,2020-10-16 20:48:14.011610,2020-10-10 00:00:00.000000,2.45551469,4.06426416,7.08844151,45,74,130,21,39,68,1.15752298,2.15098906,3.71061693,0.01884817,0.11286246,0.30681164
31069,0,USNebraskaGarden,Nebraska,Garden,2020-10-16 20:48:14.011610,2020-10-11 00:00:00.000000,2.58494748,4.23930818,6.96871558,47,77,128,21,40,68,1.18731197,2.22273267,3.72299281,0.01891795,0.11321637,0.32632490
31069,0,USNebraskaGarden,Nebraska,Garden,2020-10-16 20:48:14.011610,2020-10-12 00:00:00.000000,2.47103185,4.02073162,6.67945391,45,73,122,23,41,68,1.25472288,2.26209856,3.72748834,0.01900744,0.11332599,0.34078223
31069,0,USNebraskaGarden,Nebraska,Garden,2020-10-16 20:48:14.011610,2020-10-13 00:00:00.000000,2.31776062,3.86655679,6.74052685,42,71,123,22,41,69,1.25193983,2.24473884,3.79629764,0.01908820,0.11105555,0.34556760
31069,0,USNebraskaGarden,Nebraska,Garden,2020-10-16 20:48:14.011610,2020-10-14 00:00:00.000000,2.15727783,3.61852333,6.83263002,39,66,125,22,40,71,1.22228862,2.19775731,3.86677896,0.01913871,0.10731792,0.34548391
31069,0,USNebraskaGarden,Nebraska,Garden,2020-10-16 20:48:14.011610,2020-10-15 00:00:00.000000,2.01947855,3.39510711,6.71408358,37,62,123,21,39,72,1.17659992,2.13433760,3.97375117,0.01916326,0.10812518,0.34547263
31069,0,USNebraskaGarden,Nebraska,Garden,2020-10-16 20:48:14.011610,2020-10-16 00:00:00.000000,1.85023282,3.19884256,6.59528516,33,58,121,20,38,73,1.12490090,2.08308962,4.00948916,0.01917374,0.10923893,0.34547219
31069,0,USNebraskaGarden,Nebraska,Garden,2020-10-16 20:48:14.011610,2020-10-17 00:00:00.000000,1.69202944,3.02640317,6.53790772,31,55,120,19,37,72,1.05959617,2.06351459,3.95322044,0.01917798,0.11006152,0.34547270
31069,0,USNebraskaGarden,Nebraska,Garden,2020-10-16 20:48:14.011610,2020-10-18 00:00:00.000000,1.54069522,2.85641833,6.53271520,28,52,120,17,35,72,0.96835438,1.95336969,3.92147309,0.01917966,0.11064978,0.34547300
31069,0,USNebraskaGarden,Nebraska,Garden,2020-10-16 20:48:14.011610,2020-10-19 00:00:00.000000,1.40544605,2.66515024,6.52404584,25,48,119,16,33,72,0.88214206,1.84769839,3.92567644,0.01918033,0.11106081,0.34547313
31069,0,USNebraskaGarden,Nebraska,Garden,2020-10-16 20:48:14.011610,2020-10-20 00:00:00.000000,1.27981748,2.49264762,6.51212864,23,45,119,14,32,72,0.81125790,1.75469420,3.92632805,0.01918060,0.11134337,0.34547317
31069,0,USNebraskaGarden,Nebraska,Garden,2020-10-16 20:48:14.011610,2020-10-21 00:00:00.000000,1.13472573,2.34599458,6.49994935,20,43,119,13,29,72,0.74362994,1.61105245,3.92404282,0.01918070,0.11153546,0.34547319
31069,0,USNebraskaGarden,Nebraska,Garden,2020-10-16 20:48:14.011610,2020-10-22 00:00:00.000000,0.99012913,2.21705654,6.58699945,18,40,121,12,27,71,0.67573061,1.50537384,3.91923297,0.01918074,0.11166505,0.34547320
31069,0,USNebraskaGarden,Nebraska,Garden,2020-10-16 20:48:14.011610,2020-10-23 00:00:00.000000,0.90021755,2.12190263,6.67214730,16,38,122,11,26,71,0.60144851,1.42432639,3.91217776,0.01918076,0.11175203,0.34547320
31069,0,USNebraskaGarden,Nebraska,Garden,2020-10-16 20:48:14.011610,2020-10-24 00:00:00.000000,0.82478805,1.99815677,6.75525349,15,36,124,9,24,71,0.53377938,1.35227407,3.90306978,0.01918077,0.11181021,0.34547320
31069,0,USNebraskaGarden,Nebraska,Garden,2020-10-16 20:48:14.011610,2020-10-25 00:00:00.000000,0.75535928,1.88137314,6.83617928,13,34,125,8,23,72,0.47396617,1.28330279,3.94485971,0.01918077,0.11184903,0.34547320
31069,0,USNebraskaGarden,Nebraska,Garden,2020-10-16 20:48:14.011610,2020-10-26 00:00:00.000000,0.67194446,1.78154284,6.91478713,12,32,127,7,22,73,0.42608041,1.21743973,3.99588827,0.01918077,0.11187489,0.34547320
31069,0,USNebraskaGarden,Nebraska,Garden,2020-10-16 20:48:14.011610,2020-10-27 00:00:00.000000,0.59738498,1.69626996,6.99094117,10,31,128,6,21,74,0.37040509,1.15465794,4.04568620,0.01918077,0.11189211,0.34547320
31069,0,USNebraskaGarden,Nebraska,Garden,2020-10-16 20:48:14.011610,2020-10-28 00:00:00.000000,0.53106444,1.60763332,7.06450779,9,29,129,5,20,75,0.32345217,1.09047392,4.09417508,0.01918077,0.11190356,0.34547320
31069,0,USNebraskaGarden,Nebraska,Garden,2020-10-16 20:48:14.011610,2020-10-29 00:00:00.000000,0.47201573,1.51246743,7.13535606,8,27,131,5,19,76,0.28707859,1.03582224,4.14127604,0.01918077,0.11191117,0.34547320
31069,0,USNebraskaGarden,Nebraska,Garden,2020-10-21 14:18:13.563526,2020-03-09 00:00:00.000000,0.01286733,0.07608934,0.23363057,0,1,4,0,0,2,0.00605848,0.04069210,0.12796893,0.39718646,0.53584817,0.77498952
31069,0,USNebraskaGarden,Nebraska,Garden,2020-10-21 14:18:13.563526,2020-03-10 00:00:00.000000,0.01430529,0.08477958,0.25766335,0,1,4,0,0,2,0.00668575,0.04222625,0.12068589,0.39706090,0.53584120,0.77457334
31069,0,USNebraskaGarden,Nebraska,Garden,2020-10-21 14:18:13.563526,2020-03-11 00:00:00.000000,0.01585056,0.09301637,0.28210178,0,1,5,0,0,2,0.00710501,0.04458608,0.12099803,0.39681071,0.53582053,0.77366333
31069,0,USNebraskaGarden,Nebraska,Garden,2020-10-21 14:18:13.563526,2020-03-12 00:00:00.000000,0.01751365,0.09970831,0.30775254,0,1,5,0,0,2,0.00785324,0.04715030,0.13093227,0.39631426,0.53575946,0.77168226
31069,0,USNebraskaGarden,Nebraska,Garden,2020-10-21 14:18:13.563526,2020-03-13 00:00:00.000000,0.01930964,0.10701551,0.33514848,0,1,6,0,0,2,0.00880971,0.04987880,0.14368342,0.39533603,0.53558052,0.76743493
31069,0,USNebraskaGarden,Nebraska,Garden,2020-10-21 14:18:13.563526,2020-03-14 00:00:00.000000,0.02125575,0.11493751,0.35852534,0,2,6,0,0,2,0.00991223,0.05296971,0.15811101,0.39343329,0.53506944,0.76567550
31069,0,USNebraskaGarden,Nebraska,Garden,2020-10-21 14:18:13.563526,2020-03-15 00:00:00.000000,0.02337052,0.12450344,0.38125910,0,2,7,0,1,3,0.01113576,0.05624138,0.17389514,0.39290176,0.53371007,0.76419834
31069,0,USNebraskaGarden,Nebraska,Garden,2020-10-21 14:18:13.563526,2020-03-16 00:00:00.000000,0.02567362,0.13464913,0.41287422,0,2,7,0,1,3,0.01247535,0.06135066,0.19095423,0.39378033,0.53227433,0.75989707
31069,0,USNebraskaGarden,Nebraska,Garden,2020-10-21 14:18:13.563526,2020-03-17 00:00:00.000000,0.02818584,0.14537028,0.44825758,0,2,8,0,1,3,0.01393700,0.06583562,0.20931016,0.38864740,0.52692660,0.74636500
31069,0,USNebraskaGarden,Nebraska,Garden,2020-10-21 14:18:13.563526,2020-03-18 00:00:00.000000,0.03092895,0.15751541,0.48655465,0,2,8,0,1,4,0.01553279,0.07071252,0.22904392,0.38810691,0.52334056,0.71664609
31069,0,USNebraskaGarden,Nebraska,Garden,2020-10-21 14:18:13.563526,2020-03-19 00:00:00.000000,0.03392540,0.16696575,0.52769452,0,3,9,0,1,4,0.01727807,0.07575888,0.25025408,0.33647776,0.51881993,0.68280629
31069,0,USNebraskaGarden,Nebraska,Garden,2020-10-21 14:18:13.563526,2020-03-20 00:00:00.000000,0.03719760,0.17503652,0.57149424,0,3,10,0,1,5,0.01918949,0.08157353,0.27305757,0.31531430,0.50125934,0.68276618
31069,0,USNebraskaGarden,Nebraska,Garden,2020-10-21 14:18:13.563526,2020-03-21 00:00:00.000000,0.04087226,0.18129131,0.61516751,0,3,11,0,1,5,0.02108410,0.08718708,0.29743049,0.29719341,0.48596400,0.66952525
31069,0,USNebraskaGarden,Nebraska,Garden,2020-10-21 14:18:13.563526,2020-03-22 00:00:00.000000,0.04464470,0.18625410,0.64550337,0,3,11,0,1,5,0.02313267,0.09405633,0.32289417,0.28578135,0.45961774,0.64859115
31069,0,USNebraskaGarden,Nebraska,Garden,2020-10-21 14:18:13.563526,2020-03-23 00:00:00.000000,0.04876928,0.19420484,0.67603168,0,3,12,0,1,6,0.02490150,0.09814347,0.34777671,0.27618618,0.44088937,0.63378096
31069,0,USNebraskaGarden,Nebraska,Garden,2020-10-21 14:18:13.563526,2020-03-24 00:00:00.000000,0.05279664,0.20119655,0.70655182,0,3,12,0,1,6,0.02641682,0.10178800,0.36773003,0.26768388,0.41914462,0.62525478
31069,0,USNebraskaGarden,Nebraska,Garden,2020-10-21 14:18:13.563526,2020-03-25 00:00:00.000000,0.05650637,0.20998131,0.73670329,1,3,13,0,1,7,0.02779357,0.10317664,0.38618164,0.26239832,0.41587152,0.62030598
31069,0,USNebraskaGarden,Nebraska,Garden,2020-10-21 14:18:13.563526,2020-03-26 00:00:00.000000,0.06024143,0.21776660,0.75391373,1,4,13,0,1,7,0.02965116,0.10635757,0.39972243,0.25474303,0.40235040,0.62033426
31069,0,USNebraskaGarden,Nebraska,Garden,2020-10-21 14:18:13.563526,2020-03-27 00:00:00.000000,0.06370322,0.23077826,0.76174682,1,4,13,0,2,7,0.03251765,0.10897789,0.40999543,0.24888643,0.39095099,0.62693268
31069,0,USNebraskaGarden,Nebraska,Garden,2020-10-21 14:18:13.563526,2020-03-28 00:00:00.000000,0.06732425,0.24070108,0.76985001,1,4,14,0,2,7,0.03539873,0.11379686,0.41830194,0.23393837,0.37831279,0.63677330
31069,0,USNebraskaGarden,Nebraska,Garden,2020-10-21 14:18:13.563526,2020-03-29 00:00:00.000000,0.07093174,0.24631724,0.77901035,1,4,14,0,2,7,0.03742707,0.11833870,0.42539728,0.21918980,0.36208979,0.64292783
31069,0,USNebraskaGarden,Nebraska,Garden,2020-10-21 14:18:13.563526,2020-03-30 00:00:00.000000,0.07398862,0.25174706,0.78999249,1,4,14,0,2,7,0.03956583,0.12274959,0.43191777,0.21291714,0.35945292,0.64484736
31069,0,USNebraskaGarden,Nebraska,Garden,2020-10-21 14:18:13.563526,2020-03-31 00:00:00.000000,0.07593678,0.25657218,0.80309882,1,4,14,0,2,8,0.04182253,0.12746850,0.43842251,0.20594827,0.34852808,0.64465638
31069,0,USNebraskaGarden,Nebraska,Garden,2020-10-21 14:18:13.563526,2020-04-01 00:00:00.000000,0.07416442,0.25992906,0.81796785,1,4,15,0,2,8,0.04367703,0.13270117,0.44533163,0.19871272,0.34738335,0.60752735
31069,0,USNebraskaGarden,Nebraska,Garden,2020-10-21 14:18:13.563526,2020-04-02 00:00:00.000000,0.07228053,0.26330610,0.83396316,1,4,15,0,2,8,0.04279565,0.13779268,0.45284357,0.19548854,0.34396090,0.57938684
31069,0,USNebraskaGarden,Nebraska,Garden,2020-10-21 14:18:13.563526,2020-04-03 00:00:00.000000,0.07038419,0.27196322,0.85039962,1,4,15,0,2,8,0.04182647,0.14217383,0.46095858,0.19069977,0.33329736,0.56624468
31069,0,USNebraskaGarden,Nebraska,Garden,2020-10-21 14:18:13.563526,2020-04-04 00:00:00.000000,0.06859046,0.27308749,0.84960665,1,5,15,0,2,8,0.04079839,0.14723358,0.46954068,0.18129504,0.31409698,0.55760812
31069,0,USNebraskaGarden,Nebraska,Garden,2020-10-21 14:18:13.563526,2020-04-05 00:00:00.000000,0.06681978,0.27754004,0.83782912,1,5,15,0,2,8,0.03973719,0.15251717,0.47823951,0.17866529,0.29355192,0.53425066
31069,0,USNebraskaGarden,Nebraska,Garden,2020-10-21 14:18:13.563526,2020-04-06 00:00:00.000000,0.07099799,0.29124476,0.82484985,1,5,15,0,2,8,0.03871832,0.15320678,0.48615549,0.17653803,0.27525656,0.51677665
31069,0,USNebraskaGarden,Nebraska,Garden,2020-10-21 14:18:13.563526,2020-04-07 00:00:00.000000,0.07879074,0.29497661,0.81026274,1,5,14,0,2,9,0.03772914,0.15421163,0.49203230,0.16130920,0.26413312,0.50782204
31069,0,USNebraskaGarden,Nebraska,Garden,2020-10-21 14:18:13.563526,2020-04-08 00:00:00.000000,0.08281376,0.29471933,0.79370844,1,5,14,0,2,9,0.03947797,0.15455359,0.49079190,0.15134929,0.25556836,0.49532812
31069,0,USNebraskaGarden,Nebraska,Garden,2020-10-21 14:18:13.563526,2020-04-09 00:00:00.000000,0.07984767,0.29178649,0.78867490,1,5,14,0,2,8,0.04380085,0.15432777,0.48326660,0.15001298,0.24800590,0.47875960
31069,0,USNebraskaGarden,Nebraska,Garden,2020-10-21 14:18:13.563526,2020-04-10 00:00:00.000000,0.07679591,0.29136514,0.78932641,1,5,14,0,2,8,0.04856143,0.15478737,0.47435253,0.14731604,0.24160946,0.47729514
31069,0,USNebraskaGarden,Nebraska,Garden,2020-10-21 14:18:13.563526,2020-04-11 00:00:00.000000,0.07373552,0.28987138,0.78866642,1,5,14,0,2,8,0.04969921,0.15496070,0.46397050,0.14070513,0.23828875,0.47341510
31069,0,USNebraskaGarden,Nebraska,Garden,2020-10-21 14:18:13.563526,2020-04-12 00:00:00.000000,0.07071998,0.29987588,0.78290278,1,5,14,0,2,8,0.04783056,0.15766517,0.45234210,0.13685105,0.23406046,0.46213847
31069,0,USNebraskaGarden,Nebraska,Garden,2020-10-21 14:18:13.563526,2020-04-13 00:00:00.000000,0.06778329,0.29915203,0.76595171,1,5,14,0,2,8,0.04595301,0.15930978,0.44456684,0.13323897,0.23310620,0.44828170
31069,0,USNebraskaGarden,Nebraska,Garden,2020-10-21 14:18:13.563526,2020-04-14 00:00:00.000000,0.06494801,0.29274336,0.75145661,1,5,13,0,2,8,0.04409752,0.16264070,0.44531158,0.12676283,0.23081383,0.43427722
31069,0,USNebraskaGarden,Nebraska,Garden,2020-10-21 14:18:13.563526,2020-04-15 00:00:00.000000,0.06223541,0.28389640,0.77505085,1,5,14,0,2,8,0.04228600,0.15927254,0.44545178,0.12046003,0.22878620,0.42440322
31069,0,USNebraskaGarden,Nebraska,Garden,2020-10-21 14:18:13.563526,2020-04-16 00:00:00.000000,0.05967893,0.28326399,0.78016314,1,5,14,0,2,8,0.04053562,0.15650953,0.44515053,0.11393997,0.22585699,0.41422356
31069,0,USNebraskaGarden,Nebraska,Garden,2020-10-21 14:18:13.563526,2020-04-17 00:00:00.000000,0.05733551,0.28005787,0.77684197,1,5,14,0,2,8,0.03886531,0.15689913,0.44451172,0.11163547,0.21961554,0.40674770
31069,0,USNebraskaGarden,Nebraska,Garden,2020-10-21 14:18:13.563526,2020-04-18 00:00:00.000000,0.05525833,0.27768329,0.76658353,1,5,14,0,2,8,0.03730266,0.15392749,0.44832724,0.10677927,0.21161119,0.39379321
31069,0,USNebraskaGarden,Nebraska,Garden,2020-10-21 14:18:13.563526,2020-04-19 00:00:00.000000,0.05342096,0.27524851,0.75191767,0,5,13,0,2,8,0.03587864,0.15218477,0.44855464,0.10511784,0.20293796,0.37721098
31069,0,USNebraskaGarden,Nebraska,Garden,2020-10-21 14:18:13.563526,2020-04-20 00:00:00.000000,0.05171529,0.27272741,0.73595400,0,5,13,0,2,8,0.03459515,0.14932256,0.43962792,0.10308812,0.20039098,0.35870514
31069,0,USNebraskaGarden,Nebraska,Garden,2020-10-21 14:18:13.563526,2020-04-21 00:00:00.000000,0.05000451,0.26372150,0.73531859,0,4,13,0,2,8,0.03230978,0.14384666,0.43556983,0.10308675,0.19912383,0.34083674
31069,0,USNebraskaGarden,Nebraska,Garden,2020-10-21 14:18:13.563526,2020-04-22 00:00:00.000000,0.04774406,0.25372211,0.72976515,0,4,13,0,2,7,0.03001997,0.14245961,0.42710969,0.10308212,0.19883847,0.33921141
31069,0,USNebraskaGarden,Nebraska,Garden,2020-10-21 14:18:13.563526,2020-04-23 00:00:00.000000,0.04384843,0.24927367,0.72056762,0,4,13,0,2,7,0.02776960,0.14235159,0.41822990,0.10304392,0.19805175,0.34380092
31069,0,USNebraskaGarden,Nebraska,Garden,2020-10-21 14:18:13.563526,2020-04-24 00:00:00.000000,0.04018324,0.24969250,0.70860593,0,4,13,0,2,7,0.02560232,0.14203671,0.41104237,0.10144589,0.19080404,0.34586971
31069,0,USNebraskaGarden,Nebraska,Garden,2020-10-21 14:18:13.563526,2020-04-25 00:00:00.000000,0.03658551,0.24473512,0.69360227,0,4,12,0,2,7,0.02353910,0.14144386,0.40545769,0.09106441,0.18912263,0.34808124
31069,0,USNebraskaGarden,Nebraska,Garden,2020-10-21 14:18:13.563526,2020-04-26 00:00:00.000000,0.03308824,0.23875232,0.68038783,0,4,12,0,2,7,0.02154840,0.14049705,0.40035430,0.08395231,0.18356975,0.35030860
31069,0,USNebraskaGarden,Nebraska,Garden,2020-10-21 14:18:13.563526,2020-04-27 00:00:00.000000,0.02984584,0.23249571,0.70603758,0,4,12,0,2,7,0.01961977,0.13951222,0.41314657,0.08176708,0.17879677,0.35129968
31069,0,USNebraskaGarden,Nebraska,Garden,2020-10-21 14:18:13.563526,2020-04-28 00:00:00.000000,0.02687066,0.22730780,0.72772338,0,4,13,0,2,7,0.01778804,0.13861565,0.41848215,0.07927451,0.17081931,0.35066611
31069,0,USNebraskaGarden,Nebraska,Garden,2020-10-21 14:18:13.563526,2020-04-29 00:00:00.000000,0.02415619,0.22235961,0.72644884,0,4,13,0,2,7,0.01607655,0.13784961,0.41742321,0.07827827,0.16463700,0.34488564
31069,0,USNebraskaGarden,Nebraska,Garden,2020-10-21 14:18:13.563526,2020-04-30 00:00:00.000000,0.02168882,0.21726468,0.72154839,0,3,13,0,2,7,0.01449533,0.13719293,0.41649376,0.07724594,0.16330430,0.32996951
31069,0,USNebraskaGarden,Nebraska,Garden,2020-10-21 14:18:13.563526,2020-05-01 00:00:00.000000,0.01945134,0.21525951,0.71242472,0,3,13,0,2,7,0.01304554,0.13540513,0.41495671,0.07556669,0.15837327,0.33331228
31069,0,USNebraskaGarden,Nebraska,Garden,2020-10-21 14:18:13.563526,2020-05-02 00:00:00.000000,0.01742501,0.21477186,0.70088412,0,3,12,0,2,7,0.01172299,0.13339017,0.41221372,0.07289155,0.15528112,0.33228209
31069,0,USNebraskaGarden,Nebraska,Garden,2020-10-21 14:18:13.563526,2020-05-03 00:00:00.000000,0.01559132,0.20901294,0.68843619,0,3,12,0,2,7,0.01052052,0.13134822,0.40820726,0.06997024,0.15360980,0.32616942
31069,0,USNebraskaGarden,Nebraska,Garden,2020-10-21 14:18:13.563526,2020-05-04 00:00:00.000000,0.01393336,0.20191853,0.67573468,0,3,12,0,2,7,0.00942954,0.12951898,0.40318721,0.06797040,0.15328934,0.32025739
31069,0,USNebraskaGarden,Nebraska,Garden,2020-10-21 14:18:13.563526,2020-05-05 00:00:00.000000,0.01243649,0.19485244,0.66303834,0,3,12,0,2,7,0.00844121,0.12727263,0.39744248,0.06689793,0.15221542,0.31195912
31069,0,USNebraskaGarden,Nebraska,Garden,2020-10-21 14:18:13.563526,2020-05-06 00:00:00.000000,0.01108795,0.18652069,0.65053180,0,3,11,0,2,7,0.00754717,0.12253902,0.39120725,0.06540357,0.15172416,0.30979766
31069,0,USNebraskaGarden,Nebraska,Garden,2020-10-21 14:18:13.563526,2020-05-07 00:00:00.000000,0.01015990,0.17649381,0.63849497,0,3,11,0,2,7,0.00673985,0.11634208,0.38466802,0.06425392,0.15149538,0.30650051
31069,0,USNebraskaGarden,Nebraska,Garden,2020-10-21 14:18:13.563526,2020-05-08 00:00:00.000000,0.00951059,0.16709669,0.62726152,0,3,11,0,2,6,0.00617047,0.11032922,0.37800767,0.06343461,0.15043034,0.30173758
31069,0,USNebraskaGarden,Nebraska,Garden,2020-10-21 14:18:13.563526,2020-05-09 00:00:00.000000,0.00890341,0.16241451,0.61707092,0,2,11,0,1,6,0.00577581,0.10447922,0.37141911,0.06286254,0.14699117,0.29537306
31069,0,USNebraskaGarden,Nebraska,Garden,2020-10-21 14:18:13.563526,2020-05-10 00:00:00.000000,0.00833499,0.15407010,0.61838934,0,2,11,0,1,6,0.00540686,0.09881223,0.36507931,0.05917969,0.13852715,0.28767712
31069,0,USNebraskaGarden,Nebraska,Garden,2020-10-21 14:18:13.563526,2020-05-11 00:00:00.000000,0.00779898,0.14506355,0.61943439,0,2,11,0,1,6,0.00506170,0.09334424,0.35909384,0.05861657,0.13418303,0.28879213
31069,0,USNebraskaGarden,Nebraska,Garden,2020-10-21 14:18:13.563526,2020-05-12 00:00:00.000000,0.00727618,0.13794327,0.61807593,0,2,11,0,1,6,0.00473764,0.08949702,0.35340935,0.05726766,0.13064379,0.28990283
31069,0,USNebraskaGarden,Nebraska,Garden,2020-10-21 14:18:13.563526,2020-05-13 00:00:00.000000,0.00674917,0.13163661,0.61463752,0,2,11,0,1,6,0.00442806,0.08587015,0.34777052,0.05623066,0.12896196,0.27793929
31069,0,USNebraskaGarden,Nebraska,Garden,2020-10-21 14:18:13.563526,2020-05-14 00:00:00.000000,0.00623899,0.12529288,0.60949761,0,2,11,0,1,6,0.00412463,0.08080934,0.34192453,0.05559175,0.12801967,0.26844223
31069,0,USNebraskaGarden,Nebraska,Garden,2020-10-21 14:18:13.563526,2020-05-15 00:00:00.000000,0.00575876,0.11920056,0.60289563,0,2,11,0,1,6,0.00382863,0.07530187,0.33582387,0.05468030,0.12763051,0.26035173
31069,0,USNebraskaGarden,Nebraska,Garden,2020-10-21 14:18:13.563526,2020-05-16 00:00:00.000000,0.00531122,0.11225582,0.59486087,0,2,10,0,1,6,0.00354468,0.07036800,0.32953873,0.05346258,0.12613292,0.25215439
31069,0,USNebraskaGarden,Nebraska,Garden,2020-10-21 14:18:13.563526,2020-05-17 00:00:00.000000,0.00489643,0.10566827,0.58528977,0,1,10,0,1,5,0.00327606,0.06636218,0.32315284,0.05077871,0.12539040,0.24288845
31069,0,USNebraskaGarden,Nebraska,Garden,2020-10-21 14:18:13.563526,2020-05-18 00:00:00.000000,0.06362738,0.23735971,1.06852183,1,4,19,0,1,5,0.00302441,0.06362594,0.31673217,0.04967399,0.12246569,0.23592379
31069,0,USNebraskaGarden,Nebraska,Garden,2020-10-21 14:18:13.563526,2020-05-19 00:00:00.000000,0.10364421,0.36204706,1.59593375,1,6,29,0,1,7,0.02108969,0.09105236,0.39225504,0.04913054,0.11865061,0.23585501
31069,0,USNebraskaGarden,Nebraska,Garden,2020-10-21 14:18:13.563526,2020-05-20 00:00:00.000000,0.14223982,0.49772427,2.13362917,2,9,39,0,2,10,0.03641465,0.13074645,0.55141076,0.04844435,0.11147712,0.23501806
31069,0,USNebraskaGarden,Nebraska,Garden,2020-10-21 14:18:13.563526,2020-05-21 00:00:00.000000,0.18040278,0.61427753,2.67130695,3,11,49,0,3,13,0.04998139,0.18921573,0.71607015,0.04680768,0.10978863,0.23286673
31069,0,USNebraskaGarden,Nebraska,Garden,2020-10-21 14:18:13.563526,2020-05-22 00:00:00.000000,0.21750373,0.72867524,3.20274221,3,13,58,1,4,16,0.06515685,0.24940228,0.87974953,0.04599043,0.10698608,0.22802695
31069,0,USNebraskaGarden,Nebraska,Garden,2020-10-21 14:18:13.563526,2020-05-23 00:00:00.000000,0.25299302,0.83967360,3.72311917,4,15,68,1,5,20,0.08106879,0.30657363,1.10183291,0.04356010,0.10570842,0.21860875
31069,0,USNebraskaGarden,Nebraska,Garden,2020-10-21 14:18:13.563526,2020-05-24 00:00:00.000000,0.27986547,0.94240419,4.22855632,5,17,77,1,6,24,0.09712893,0.35564018,1.33056879,0.04114864,0.10413371,0.19806647
31069,0,USNebraskaGarden,Nebraska,Garden,2020-10-21 14:18:13.563526,2020-05-25 00:00:00.000000,0.65387390,1.18003379,4.29419036,12,21,78,2,7,28,0.11294180,0.41576944,1.56094927,0.03790597,0.10257138,0.19354539
31069,0,USNebraskaGarden,Nebraska,Garden,2020-10-21 14:18:13.563526,2020-05-26 00:00:00.000000,0.90375541,1.51808109,4.34258602,16,27,79,3,9,31,0.21090561,0.51628121,1.71861597,0.03790003,0.10184170,0.18573474
31069,0,USNebraskaGarden,Nebraska,Garden,2020-10-21 14:18:13.563526,2020-05-27 00:00:00.000000,1.09673069,1.87944609,4.36646450,20,34,80,5,11,34,0.30315789,0.64488712,1.85514667,0.03845289,0.10139875,0.18345042
31069,0,USNebraskaGarden,Nebraska,Garden,2020-10-21 14:18:13.563526,2020-05-28 00:00:00.000000,1.18563778,2.23006881,4.37241185,21,40,80,8,15,36,0.45206746,0.81717522,1.97399366,0.03739062,0.10014342,0.18182743
31069,0,USNebraskaGarden,Nebraska,Garden,2020-10-21 14:18:13.563526,2020-05-29 00:00:00.000000,1.21095985,2.55342704,4.53416043,22,46,83,9,18,37,0.52534080,0.99941356,2.04996715,0.03702113,0.09746995,0.18012156
31069,0,USNebraskaGarden,Nebraska,Garden,2020-10-21 14:18:13.563526,2020-05-30 00:00:00.000000,1.23360654,2.83755665,4.53538311,22,52,83,10,21,37,0.54834777,1.16658072,2.05176095,0.03962191,0.09602992,0.17692669
31069,0,USNebraskaGarden,Nebraska,Garden,2020-10-21 14:18:13.563526,2020-05-31 00:00:00.000000,1.26881190,3.11406146,4.52712716,23,57,83,11,25,40,0.62113870,1.39188876,2.20691704,0.03893613,0.09407758,0.17630847
31069,0,USNebraskaGarden,Nebraska,Garden,2020-10-21 14:18:13.563526,2020-06-01 00:00:00.000000,1.23492575,3.02660394,4.41989515,22,55,81,12,28,40,0.65887418,1.56840011,2.21718445,0.03823477,0.09160003,0.16437939
31069,0,USNebraskaGarden,Nebraska,Garden,2020-10-21 14:18:13.563526,2020-06-02 00:00:00.000000,1.19717564,2.89276797,4.32166384,21,53,79,12,29,42,0.67156632,1.62864938,2.30456964,0.03765646,0.09204734,0.16154670
31069,0,USNebraskaGarden,Nebraska,Garden,2020-10-21 14:18:13.563526,2020-06-03 00:00:00.000000,1.15445375,2.74181817,4.18975842,21,50,76,12,30,43,0.65860126,1.63634129,2.34889729,0.03730166,0.09047963,0.15987012
31069,0,USNebraskaGarden,Nebraska,Garden,2020-10-21 14:18:13.563526,2020-06-04 00:00:00.000000,1.10791129,2.57331910,4.03950995,20,47,74,11,29,43,0.64092892,1.59143154,2.35885745,0.03715288,0.08917383,0.15881948
31069,0,USNebraskaGarden,Nebraska,Garden,2020-10-21 14:18:13.563526,2020-06-05 00:00:00.000000,1.05839405,2.41010316,3.87868103,19,44,71,11,28,43,0.62032207,1.52805789,2.34274882,0.03714176,0.08639459,0.15850103
31069,0,USNebraskaGarden,Nebraska,Garden,2020-10-21 14:18:13.563526,2020-06-06 00:00:00.000000,1.00732004,2.26257991,3.70711441,18,41,68,10,26,42,0.59811820,1.45529669,2.29768578,0.03716818,0.08578039,0.15810357
31069,0,USNebraskaGarden,Nebraska,Garden,2020-10-21 14:18:13.563526,2020-06-07 00:00:00.000000,0.95663628,2.10621462,3.52252699,17,38,64,10,25,40,0.57530985,1.39782226,2.22430020,0.03724563,0.08591928,0.15450617
31069,0,USNebraskaGarden,Nebraska,Garden,2020-10-21 14:18:13.563526,2020-06-08 00:00:00.000000,0.90691525,1.96007383,3.33630037,16,36,61,10,24,39,0.55287207,1.30776511,2.13758345,0.03566696,0.08470452,0.15265162
31069,0,USNebraskaGarden,Nebraska,Garden,2020-10-21 14:18:13.563526,2020-06-09 00:00:00.000000,0.82716015,1.77168845,3.15419687,15,32,57,9,22,37,0.53033629,1.21103274,2.04253912,0.03459625,0.08278914,0.15018812
31069,0,USNebraskaGarden,Nebraska,Garden,2020-10-21 14:18:13.563526,2020-06-10 00:00:00.000000,0.76726737,1.61431060,2.97797829,14,29,54,9,20,35,0.50350237,1.12692420,1.94355189,0.03364197,0.08248013,0.14969660
31069,0,USNebraskaGarden,Nebraska,Garden,2020-10-21 14:18:13.563526,2020-06-11 00:00:00.000000,0.70645671,1.50436353,2.80831525,12,27,51,8,19,33,0.47503238,1.05484631,1.84365075,0.03250671,0.08197998,0.14876117
31069,0,USNebraskaGarden,Nebraska,Garden,2020-10-21 14:18:13.563526,2020-06-12 00:00:00.000000,0.64624633,1.42323591,2.64527789,11,26,48,7,18,32,0.43414830,0.99306964,1.74477181,0.03199477,0.07819920,0.14705525
31069,0,USNebraskaGarden,Nebraska,Garden,2020-10-21 14:18:13.563526,2020-06-13 00:00:00.000000,0.58768676,1.32218986,2.48874307,10,24,45,7,16,30,0.39578300,0.90772967,1.64806478,0.03036737,0.07523044,0.14520973
31069,0,USNebraskaGarden,Nebraska,Garden,2020-10-21 14:18:13.563526,2020-06-14 00:00:00.000000,0.53225396,1.21758999,2.33867616,9,22,42,6,15,29,0.36022377,0.84716163,1.58324183,0.02841854,0.07325224,0.14686944
31069,0,USNebraskaGarden,Nebraska,Garden,2020-10-21 14:18:13.563526,2020-06-15 00:00:00.000000,0.51984294,1.19059149,2.38919402,9,21,43,6,14,27,0.32727656,0.78751431,1.52357694,0.02764645,0.07256878,0.14995941
31069,0,USNebraskaGarden,Nebraska,Garden,2020-10-21 14:18:13.563526,2020-06-16 00:00:00.000000,0.53722791,1.16270332,2.44714015,9,21,44,5,13,26,0.31228205,0.73439478,1.46108495,0.02770122,0.07262451,0.15531635
31069,0,USNebraskaGarden,Nebraska,Garden,2020-10-21 14:18:13.563526,2020-06-17 00:00:00.000000,0.52652297,1.16098246,2.51511971,9,21,46,5,12,25,0.29739630,0.69966077,1.41232111,0.02788535,0.07242931,0.15856582
31069,0,USNebraskaGarden,Nebraska,Garden,2020-10-21 14:18:13.563526,2020-06-18 00:00:00.000000,0.51976344,1.12893148,2.58828958,9,20,47,5,12,26,0.30377599,0.70576577,1.42363915,0.02820500,0.07262339,0.15680298
31069,0,USNebraskaGarden,Nebraska,Garden,2020-10-21 14:18:13.563526,2020-06-19 00:00:00.000000,0.51809632,1.10732800,2.63044783,9,20,48,5,12,26,0.31445629,0.68251598,1.44820284,0.02849654,0.07247982,0.15316368
31069,0,USNebraskaGarden,Nebraska,Garden,2020-10-21 14:18:13.563526,2020-06-20 00:00:00.000000,0.52332204,1.10130399,2.62696253,9,20,48,5,12,26,0.30180989,0.66096486,1.45597438,0.02791552,0.07440650,0.14851789
31069,0,USNebraskaGarden,Nebraska,Garden,2020-10-21 14:18:13.563526,2020-06-21 00:00:00.000000,0.52869238,1.10947575,2.59858925,9,20,47,5,11,26,0.29166315,0.64340610,1.43801325,0.02709574,0.07505553,0.14690398
31069,0,USNebraskaGarden,Nebraska,Garden,2020-10-21 14:18:13.563526,2020-06-22 00:00:00.000000,0.55539173,1.10474884,2.60893792,10,20,47,5,11,27,0.28358962,0.62778483,1.47284680,0.02618382,0.07405552,0.14565663
31069,0,USNebraskaGarden,Nebraska,Garden,2020-10-21 14:18:13.563526,2020-06-23 00:00:00.000000,0.56730802,1.14290621,2.62774011,10,20,48,5,11,27,0.27593940,0.62164523,1.47326750,0.02572882,0.07260823,0.14527096
31069,0,USNebraskaGarden,Nebraska,Garden,2020-10-21 14:18:13.563526,2020-06-24 00:00:00.000000,0.57474889,1.13186515,2.60065651,10,20,47,5,11,26,0.27221653,0.63022307,1.46340668,0.02550317,0.07488354,0.14525767
31069,0,USNebraskaGarden,Nebraska,Garden,2020-10-21 14:18:13.563526,2020-06-25 00:00:00.000000,0.55723037,1.13535865,2.68151641,10,20,49,5,11,26,0.27764496,0.64364644,1.44779384,0.02563853,0.07297262,0.14525306
31069,0,USNebraskaGarden,Nebraska,Garden,2020-10-21 14:18:13.563526,2020-06-26 00:00:00.000000,0.57572204,1.14540195,2.71355433,10,21,49,5,11,26,0.28481007,0.63709423,1.44524859,0.02648710,0.07241590,0.14638432
31069,0,USNebraskaGarden,Nebraska,Garden,2020-10-21 14:18:13.563526,2020-06-27 00:00:00.000000,0.57517162,1.15625248,2.74882942,10,21,50,5,11,26,0.28680793,0.61381474,1.44322175,0.02715498,0.07293212,0.14532680
31069,0,USNebraskaGarden,Nebraska,Garden,2020-10-21 14:18:13.563526,2020-06-28 00:00:00.000000,0.57483393,1.18625060,2.69798332,10,21,49,5,11,27,0.28239683,0.62127233,1.51619470,0.02764160,0.07164414,0.14516128
31069,0,USNebraskaGarden,Nebraska,Garden,2020-10-21 14:18:13.563526,2020-06-29 00:00:00.000000,0.54488606,1.11913560,2.58516924,10,20,47,5,11,29,0.28462565,0.64710280,1.58981618,0.02787058,0.07150405,0.14383339
31069,0,USNebraskaGarden,Nebraska,Garden,2020-10-21 14:18:13.563526,2020-06-30 00:00:00.000000,0.51503313,1.05138698,2.46914820,9,19,45,5,11,28,0.27953375,0.63878457,1.55511970,0.02751779,0.07062663,0.14725075
31069,0,USNebraskaGarden,Nebraska,Garden,2020-10-21 14:18:13.563526,2020-07-01 00:00:00.000000,0.48514671,0.97471289,2.35198779,8,17,43,4,11,27,0.26732097,0.60266680,1.50863485,0.02662134,0.07045464,0.14855401
31069,0,USNebraskaGarden,Nebraska,Garden,2020-10-21 14:18:13.563526,2020-07-02 00:00:00.000000,0.44715968,0.91138837,2.23612269,8,16,41,4,10,26,0.25019480,0.57318919,1.45454713,0.02622341,0.07027353,0.14893799
31069,0,USNebraskaGarden,Nebraska,Garden,2020-10-21 14:18:13.563526,2020-07-03 00:00:00.000000,0.39511460,0.84660095,2.12305873,7,15,39,4,10,25,0.23132139,0.55406360,1.39554522,0.02608166,0.07036367,0.14920054
31069,0,USNebraskaGarden,Nebraska,Garden,2020-10-21 14:18:13.563526,2020-07-04 00:00:00.000000,0.34772843,0.78448356,2.01400004,6,14,36,3,9,24,0.21185734,0.52678058,1.35311816,0.02567437,0.07090910,0.14966076
31069,0,USNebraskaGarden,Nebraska,Garden,2020-10-21 14:18:13.563526,2020-07-05 00:00:00.000000,0.30506184,0.72557009,1.91165772,5,13,35,3,9,24,0.19263243,0.49482770,1.31968950,0.02575972,0.06894767,0.14955418
31069,0,USNebraskaGarden,Nebraska,Garden,2020-10-21 14:18:13.563526,2020-07-06 00:00:00.000000,0.26696680,0.67011619,1.82044604,4,12,33,3,8,23,0.17417720,0.45240273,1.28495110,0.02528306,0.06920389,0.15096147
31069,0,USNebraskaGarden,Nebraska,Garden,2020-10-21 14:18:13.563526,2020-07-07 00:00:00.000000,0.23317301,0.62369980,1.73659871,4,11,31,2,7,22,0.15681169,0.41299056,1.24961013,0.02472693,0.06783157,0.15259188
31069,0,USNebraskaGarden,Nebraska,Garden,2020-10-21 14:18:13.563526,2020-07-08 00:00:00.000000,0.20334452,0.58685381,1.65685205,3,10,30,2,7,22,0.14070534,0.38285889,1.21414114,0.02376529,0.06764773,0.15353618
31069,0,USNebraskaGarden,Nebraska,Garden,2020-10-21 14:18:13.563526,2020-07-09 00:00:00.000000,0.17711699,0.54994433,1.58040445,3,10,29,2,6,21,0.12592388,0.35480533,1.17884635,0.02149828,0.06797391,0.15392158
31069,0,USNebraskaGarden,Nebraska,Garden,2020-10-21 14:18:13.563526,2020-07-10 00:00:00.000000,0.15412585,0.51265986,1.50686495,2,9,27,2,6,20,0.11054125,0.32878874,1.13650748,0.02070686,0.06884437,0.15962939
31069,0,USNebraskaGarden,Nebraska,Garden,2020-10-21 14:18:13.563526,2020-07-11 00:00:00.000000,0.13550178,0.47793433,1.43599918,2,8,26,1,5,19,0.09639977,0.30689354,1.08127965,0.01743735,0.06915601,0.16290410
31069,0,USNebraskaGarden,Nebraska,Garden,2020-10-21 14:18:13.563526,2020-07-12 00:00:00.000000,0.12030039,0.44842211,1.36772526,2,8,25,1,5,18,0.08397268,0.29077736,1.03009036,0.01678930,0.07079880,0.16619150
31069,0,USNebraskaGarden,Nebraska,Garden,2020-10-21 14:18:13.563526,2020-07-13 00:00:00.000000,0.10665215,0.42509096,1.30205208,1,7,23,1,5,18,0.07308057,0.27548825,0.98229564,0.01674639,0.07240189,0.16930022
31069,0,USNebraskaGarden,Nebraska,Garden,2020-10-21 14:18:13.563526,2020-07-14 00:00:00.000000,0.09443298,0.40102335,1.26441114,1,7,23,1,4,17,0.06395746,0.26104353,0.93740595,0.01674064,0.07228165,0.17225579
31069,0,USNebraskaGarden,Nebraska,Garden,2020-10-21 14:18:13.563526,2020-07-15 00:00:00.000000,0.08352079,0.37338886,1.22796425,1,6,22,1,4,16,0.05689724,0.24749503,0.89505103,0.01673776,0.07234492,0.17479274
31069,0,USNebraskaGarden,Nebraska,Garden,2020-10-21 14:18:13.563526,2020-07-16 00:00:00.000000,0.07379669,0.34681507,1.19254127,1,6,21,0,4,15,0.05053393,0.23487324,0.85494265,0.01672611,0.07238453,0.17642103
31069,0,USNebraskaGarden,Nebraska,Garden,2020-10-21 14:18:13.563526,2020-07-17 00:00:00.000000,0.06514608,0.32211319,1.15813244,1,5,21,0,4,15,0.04481781,0.22066288,0.81684296,0.01665802,0.07333745,0.17656682
31069,0,USNebraskaGarden,Nebraska,Garden,2020-10-21 14:18:13.563526,2020-07-18 00:00:00.000000,0.05745628,0.29930019,1.12473678,1,5,20,0,3,14,0.03969756,0.20648449,0.78052913,0.01630942,0.07219145,0.17575292
31069,0,USNebraskaGarden,Nebraska,Garden,2020-10-21 14:18:13.563526,2020-07-19 00:00:00.000000,0.05061980,0.27836320,1.09236653,0,5,20,0,3,13,0.03512113,0.19349493,0.75614869,0.01549222,0.07266012,0.17540542
31069,0,USNebraskaGarden,Nebraska,Garden,2020-10-21 14:18:13.563526,2020-07-20 00:00:00.000000,0.04455602,0.25923122,1.06105001,0,4,19,0,3,13,0.03103697,0.18155812,0.73441933,0.01516387,0.07340621,0.16642708
31069,0,USNebraskaGarden,Nebraska,Garden,2020-10-21 14:18:13.563526,2020-07-21 00:00:00.000000,0.03919071,0.24172849,1.03083977,0,4,18,0,3,13,0.02739836,0.17137212,0.71334088,0.01544876,0.07563795,0.16586614
31069,0,USNebraskaGarden,Nebraska,Garden,2020-10-21 14:18:13.563526,2020-07-22 00:00:00.000000,0.03445052,0.22415869,1.00184551,0,4,18,0,2,12,0.02416287,0.15959709,0.69293047,0.01532783,0.07601181,0.16685737
31069,0,USNebraskaGarden,Nebraska,Garden,2020-10-21 14:18:13.563526,2020-07-23 00:00:00.000000,0.03026831,0.21076944,0.97422103,0,3,17,0,2,12,0.02129102,0.14854442,0.67322206,0.01502702,0.07655384,0.17851292
31069,0,USNebraskaGarden,Nebraska,Garden,2020-10-21 14:18:13.563526,2020-07-24 00:00:00.000000,0.02658417,0.19703441,0.94805423,0,3,17,0,2,12,0.01874615,0.13820461,0.65426781,0.01530129,0.07783981,0.17975039
31069,0,USNebraskaGarden,Nebraska,Garden,2020-10-21 14:18:13.563526,2020-07-25 00:00:00.000000,0.02335302,0.18435397,0.92327636,0,3,16,0,2,11,0.01649470,0.12843172,0.63611889,0.01581939,0.07791744,0.18244830
31069,0,USNebraskaGarden,Nebraska,Garden,2020-10-21 14:18:13.563526,2020-07-26 00:00:00.000000,0.02051516,0.17261476,0.89968951,0,3,16,0,2,11,0.01451322,0.11905317,0.61879544,0.01633214,0.07924094,0.18740829
31069,0,USNebraskaGarden,Nebraska,Garden,2020-10-21 14:18:13.563526,2020-07-27 00:00:00.000000,0.01801940,0.16169076,0.87708699,0,2,16,0,2,11,0.01276509,0.11180902,0.60227139,0.01660826,0.07936754,0.18788969
31069,0,USNebraskaGarden,Nebraska,Garden,2020-10-21 14:18:13.563526,2020-07-28 00:00:00.000000,0.01582444,0.15148692,0.85533692,0,2,15,0,1,10,0.01122373,0.10601689,0.58648728,0.01671230,0.07903971,0.18842181
31069,0,USNebraskaGarden,Nebraska,Garden,2020-10-21 14:18:13.563526,2020-07-29 00:00:00.000000,0.01389436,0.14193273,0.83443463,0,2,15,0,1,10,0.00986559,0.10027303,0.57137611,0.01675009,0.07897506,0.18891804
31069,0,USNebraskaGarden,Nebraska,Garden,2020-10-21 14:18:13.563526,2020-07-30 00:00:00.000000,0.01219762,0.13297303,0.81447972,0,2,14,0,1,10,0.00866950,0.09429885,0.55152961,0.01677534,0.07833206,0.18945725
31069,0,USNebraskaGarden,Nebraska,Garden,2020-10-21 14:18:13.563526,2020-07-31 00:00:00.000000,0.01070638,0.12456909,0.79541630,0,2,14,0,1,9,0.00761660,0.08852275,0.52888692,0.01681200,0.08103152,0.19005539
31069,0,USNebraskaGarden,Nebraska,Garden,2020-10-21 14:18:13.563526,2020-08-01 00:00:00.000000,0.00939606,0.11659407,0.77702099,0,2,14,0,1,9,0.00669012,0.08244550,0.50712642,0.01687265,0.08287070,0.19070846
31069,0,USNebraskaGarden,Nebraska,Garden,2020-10-21 14:18:13.563526,2020-08-02 00:00:00.000000,0.00824532,0.10878208,0.75915111,0,1,13,0,1,8,0.00587513,0.07650096,0.48622035,0.01736132,0.08118542,0.19141116
31069,0,USNebraskaGarden,Nebraska,Garden,2020-10-21 14:18:13.563526,2020-08-03 00:00:00.000000,0.05864687,0.18990478,0.77037940,1,3,14,0,1,8,0.00515851,0.07102822,0.46615848,0.01769833,0.08268836,0.19219560
31069,0,USNebraskaGarden,Nebraska,Garden,2020-10-21 14:18:13.563526,2020-08-04 00:00:00.000000,0.10153000,0.26823750,0.78207748,1,4,14,0,1,8,0.01906020,0.07485438,0.45358625,0.01879706,0.08409148,0.20011896
31069,0,USNebraskaGarden,Nebraska,Garden,2020-10-21 14:18:13.563526,2020-08-05 00:00:00.000000,0.13276156,0.34430549,0.89493128,2,6,16,0,2,8,0.03569967,0.11295234,0.44688479,0.01918825,0.08248421,0.20363129
31069,0,USNebraskaGarden,Nebraska,Garden,2020-10-21 14:18:13.563526,2020-08-06 00:00:00.000000,0.16265568,0.39726409,1.10435003,2,7,20,0,2,8,0.05110741,0.14252853,0.44452659,0.01948515,0.08279596,0.20462331
31069,0,USNebraskaGarden,Nebraska,Garden,2020-10-21 14:18:13.563526,2020-08-07 00:00:00.000000,0.19091212,0.47108310,1.27061071,3,8,23,1,3,9,0.06936988,0.18530481,0.49890475,0.01977162,0.08308952,0.20411715
31069,0,USNebraskaGarden,Nebraska,Garden,2020-10-21 14:18:13.563526,2020-08-08 00:00:00.000000,0.21723885,0.52660802,1.46088064,3,9,26,1,4,10,0.08914583,0.21922145,0.57787051,0.02006109,0.08232144,0.20537242
31069,0,USNebraskaGarden,Nebraska,Garden,2020-10-21 14:18:13.563526,2020-08-09 00:00:00.000000,0.24165125,0.59731009,1.65077010,4,10,30,1,4,12,0.10411626,0.24774496,0.68927859,0.02009774,0.08326742,0.20571090
31069,0,USNebraskaGarden,Nebraska,Garden,2020-10-21 14:18:13.563526,2020-08-10 00:00:00.000000,0.33416552,0.72476591,1.66838514,6,13,30,2,5,14,0.11587262,0.27688152,0.80084617,0.02013451,0.08459074,0.20575103
31069,0,USNebraskaGarden,Nebraska,Garden,2020-10-21 14:18:13.563526,2020-08-11 00:00:00.000000,0.38826887,0.82966901,1.73831424,7,15,31,2,6,15,0.14648259,0.33240812,0.86929387,0.01990792,0.08436039,0.20449259
31069,0,USNebraskaGarden,Nebraska,Garden,2020-10-21 14:18:13.563526,2020-08-12 00:00:00.000000,0.42951877,0.93204581,1.85501372,7,17,34,3,7,16,0.18198648,0.39144826,0.90872052,0.02021690,0.08493001,0.20388457
31069,0,USNebraskaGarden,Nebraska,Garden,2020-10-21 14:18:13.563526,2020-08-13 00:00:00.000000,0.47734248,1.03126143,1.91184617,8,18,35,3,8,17,0.20641167,0.43789497,0.94142946,0.01937365,0.08242970,0.20298409
31069,0,USNebraskaGarden,Nebraska,Garden,2020-10-21 14:18:13.563526,2020-08-14 00:00:00.000000,0.52593051,1.11959688,1.94832084,9,20,35,4,9,18,0.23286435,0.49106857,0.98708395,0.01874240,0.08461018,0.19519424
31069,0,USNebraskaGarden,Nebraska,Garden,2020-10-21 14:18:13.563526,2020-08-15 00:00:00.000000,0.54532101,1.17936782,2.11275174,10,21,38,4,9,18,0.26670683,0.53949448,1.02948514,0.01791649,0.08665437,0.17573018
31069,0,USNebraskaGarden,Nebraska,Garden,2020-10-21 14:18:13.563526,2020-08-16 00:00:00.000000,0.57350156,1.23978813,2.29069537,10,22,42,5,10,19,0.29912715,0.57429718,1.06806644,0.01757390,0.08765931,0.18643622
31069,0,USNebraskaGarden,Nebraska,Garden,2020-10-21 14:18:13.563526,2020-08-17 00:00:00.000000,0.68626550,1.29034870,2.34873553,12,23,43,6,11,21,0.32970398,0.60253409,1.16036126,0.01754210,0.08890872,0.19259956
31069,0,USNebraskaGarden,Nebraska,Garden,2020-10-21 14:18:13.563526,2020-08-18 00:00:00.000000,0.79656456,1.31920614,2.40534284,14,24,44,6,11,22,0.36673412,0.65190189,1.22066678,0.01759500,0.08910670,0.19498164
31069,0,USNebraskaGarden,Nebraska,Garden,2020-10-21 14:18:13.563526,2020-08-19 00:00:00.000000,0.87347246,1.38910665,2.46089775,16,25,45,7,12,22,0.40658814,0.70316982,1.25179598,0.01715381,0.08909160,0.19450116
31069,0,USNebraskaGarden,Nebraska,Garden,2020-10-21 14:18:13.563526,2020-08-20 00:00:00.000000,0.89769036,1.44351293,2.55771878,16,26,46,8,13,23,0.44697246,0.72238054,1.28278682,0.01679687,0.08920374,0.19388751
31069,0,USNebraskaGarden,Nebraska,Garden,2020-10-21 14:18:13.563526,2020-08-21 00:00:00.000000,0.92451010,1.49328784,2.69189646,16,27,49,8,13,24,0.48694846,0.74716552,1.31351532,0.01692514,0.08881706,0.19558154
31069,0,USNebraskaGarden,Nebraska,Garden,2020-10-21 14:18:13.563526,2020-08-22 00:00:00.000000,0.97840066,1.54878530,2.92086357,17,28,53,9,14,24,0.51830910,0.78096843,1.34369167,0.01707490,0.08703695,0.19924940
31069,0,USNebraskaGarden,Nebraska,Garden,2020-10-21 14:18:13.563526,2020-08-23 00:00:00.000000,0.98326789,1.56897583,3.16895925,18,28,58,9,14,25,0.51348908,0.80686193,1.37098619,0.01697352,0.08935105,0.20599202
31069,0,USNebraskaGarden,Nebraska,Garden,2020-10-21 14:18:13.563526,2020-08-24 00:00:00.000000,1.01773700,1.58404286,3.09052564,18,29,56,9,15,26,0.54202812,0.83845934,1.42021639,0.01691994,0.08834778,0.20859788
31069,0,USNebraskaGarden,Nebraska,Garden,2020-10-21 14:18:13.563526,2020-08-25 00:00:00.000000,1.00366263,1.57406320,3.01384724,18,28,55,10,15,26,0.56007959,0.85100916,1.46791217,0.01693462,0.08751031,0.20981620
31069,0,USNebraskaGarden,Nebraska,Garden,2020-10-21 14:18:13.563526,2020-08-26 00:00:00.000000,1.03080891,1.59969274,2.93983009,18,29,54,10,15,27,0.57981092,0.86062045,1.51823333,0.01704360,0.08801957,0.21019062
31069,0,USNebraskaGarden,Nebraska,Garden,2020-10-21 14:18:13.563526,2020-08-27 00:00:00.000000,1.01963049,1.64367925,2.91565272,18,30,53,11,15,27,0.60096120,0.86782367,1.49065950,0.01709981,0.09091592,0.20842305
31069,0,USNebraskaGarden,Nebraska,Garden,2020-10-21 14:18:13.563526,2020-08-28 00:00:00.000000,1.04220838,1.68880291,2.93705389,19,31,53,11,16,27,0.60415835,0.87271692,1.52355894,0.01700898,0.09040583,0.20623484
31069,0,USNebraskaGarden,Nebraska,Garden,2020-10-21 14:18:13.563526,2020-08-29 00:00:00.000000,0.98323809,1.71872128,2.87606070,18,31,52,10,16,28,0.59321679,0.89876855,1.55525156,0.01698308,0.09008684,0.18907812
31069,0,USNebraskaGarden,Nebraska,Garden,2020-10-21 14:18:13.563526,2020-08-30 00:00:00.000000,0.92176371,1.71794131,2.90118052,16,31,53,10,16,29,0.58085214,0.91228136,1.58351034,0.01697726,0.09443785,0.18651433
31069,0,USNebraskaGarden,Nebraska,Garden,2020-10-21 14:18:13.563526,2020-08-31 00:00:00.000000,0.97948710,1.68804513,2.94517078,17,31,54,10,17,29,0.56773984,0.93487500,1.61201346,0.01698496,0.09550714,0.18511764
31069,0,USNebraskaGarden,Nebraska,Garden,2020-10-21 14:18:13.563526,2020-09-01 00:00:00.000000,1.01790431,1.66953986,2.99819649,18,30,55,10,17,30,0.57236063,0.92683380,1.63453811,0.01701087,0.09681979,0.18769438
31069,0,USNebraskaGarden,Nebraska,Garden,2020-10-21 14:18:13.563526,2020-09-02 00:00:00.000000,0.98245794,1.65961900,3.04801304,18,30,55,10,16,30,0.56206800,0.91829185,1.66121771,0.01702164,0.10005017,0.18579577
31069,0,USNebraskaGarden,Nebraska,Garden,2020-10-21 14:18:13.563526,2020-09-03 00:00:00.000000,0.94788052,1.64114296,3.11516023,17,30,57,10,16,31,0.57495309,0.92119843,1.69522000,0.01702399,0.10088731,0.19102260
31069,0,USNebraskaGarden,Nebraska,Garden,2020-10-21 14:18:13.563526,2020-09-04 00:00:00.000000,0.95796253,1.63563512,3.22918050,17,30,59,10,16,31,0.55881740,0.90643833,1.69904415,0.01702273,0.10121905,0.19234256
31069,0,USNebraskaGarden,Nebraska,Garden,2020-10-21 14:18:13.563526,2020-09-05 00:00:00.000000,0.91693686,1.58930235,3.34333406,16,29,61,10,16,31,0.54712162,0.88312717,1.72668301,0.01666295,0.10184609,0.19494813
31069,0,USNebraskaGarden,Nebraska,Garden,2020-10-21 14:18:13.563526,2020-09-06 00:00:00.000000,0.87930347,1.56198270,3.46114027,16,28,63,10,16,32,0.55419683,0.88961894,1.74993195,0.01667028,0.10400471,0.20159307
31069,0,USNebraskaGarden,Nebraska,Garden,2020-10-21 14:18:13.563526,2020-09-07 00:00:00.000000,0.91274283,1.58377271,3.35679789,16,29,61,9,16,32,0.53846479,0.88826343,1.76985367,0.01669545,0.10458483,0.20511448
31069,0,USNebraskaGarden,Nebraska,Garden,2020-10-21 14:18:13.563526,2020-09-08 00:00:00.000000,0.90291514,1.57577552,3.33025856,16,28,61,9,16,32,0.52487792,0.89149556,1.78385172,0.01674534,0.10707676,0.21360038
31069,0,USNebraskaGarden,Nebraska,Garden,2020-10-21 14:18:13.563526,2020-09-09 00:00:00.000000,0.91149466,1.57420965,3.42168218,16,28,62,9,16,33,0.51805358,0.89912259,1.80646690,0.01671611,0.10994590,0.23403047
31069,0,USNebraskaGarden,Nebraska,Garden,2020-10-21 14:18:13.563526,2020-09-10 00:00:00.000000,0.86481071,1.53025908,3.41572403,15,28,62,9,16,34,0.51290717,0.88996965,1.86586473,0.01634307,0.11152867,0.24185479
31069,0,USNebraskaGarden,Nebraska,Garden,2020-10-21 14:18:13.563526,2020-09-11 00:00:00.000000,0.83411668,1.52792084,3.45001474,15,28,63,9,15,34,0.51056584,0.86042305,1.86776252,0.01624485,0.11243873,0.24223700
31069,0,USNebraskaGarden,Nebraska,Garden,2020-10-21 14:18:13.563526,2020-09-12 00:00:00.000000,0.81206368,1.52624052,3.60271057,14,28,66,9,15,34,0.50347574,0.86024978,1.86826813,0.01621110,0.11806490,0.24234930
31069,0,USNebraskaGarden,Nebraska,Garden,2020-10-21 14:18:13.563526,2020-09-13 00:00:00.000000,0.79656786,1.51602211,3.75307331,14,27,68,8,15,34,0.48248954,0.85450480,1.86779061,0.01619164,0.12074934,0.24837545
31069,0,USNebraskaGarden,Nebraska,Garden,2020-10-21 14:18:13.563526,2020-09-14 00:00:00.000000,0.88596738,1.61606784,3.71419853,16,29,68,8,15,34,0.47071299,0.86094325,1.86657985,0.01618075,0.12665529,0.26221934
31069,0,USNebraskaGarden,Nebraska,Garden,2020-10-21 14:18:13.563526,2020-09-15 00:00:00.000000,0.89147964,1.64636444,3.72423723,16,30,68,8,15,34,0.47198829,0.86916151,1.87013683,0.01617479,0.13227124,0.27238267
31069,0,USNebraskaGarden,Nebraska,Garden,2020-10-21 14:18:13.563526,2020-09-16 00:00:00.000000,0.87363101,1.69379786,3.73295509,16,31,68,9,16,34,0.50969082,0.87215542,1.87823338,0.01617107,0.13606220,0.27955819
31069,0,USNebraskaGarden,Nebraska,Garden,2020-10-21 14:18:13.563526,2020-09-17 00:00:00.000000,0.86604490,1.78321547,3.74384875,15,32,68,9,16,34,0.49161981,0.88403087,1.88660579,0.01616631,0.13931362,0.28787975
31069,0,USNebraskaGarden,Nebraska,Garden,2020-10-21 14:18:13.563526,2020-09-18 00:00:00.000000,0.82017787,1.83000736,3.76194073,15,33,69,8,16,34,0.48852415,0.90298079,1.89802763,0.01613862,0.14429389,0.29731690
31069,0,USNebraskaGarden,Nebraska,Garden,2020-10-21 14:18:13.563526,2020-09-19 00:00:00.000000,0.79791441,1.90130070,3.80224781,14,34,69,8,17,35,0.46354544,0.94471255,1.94163029,0.01586874,0.14573810,0.30146386
31069,0,USNebraskaGarden,Nebraska,Garden,2020-10-21 14:18:13.563526,2020-09-20 00:00:00.000000,0.77999677,1.97013507,3.93649512,14,36,72,8,18,37,0.44730435,0.98157398,2.02301355,0.01414070,0.14971464,0.31455197
31069,0,USNebraskaGarden,Nebraska,Garden,2020-10-21 14:18:13.563526,2020-09-21 00:00:00.000000,0.87896997,2.09974613,3.99634699,16,38,73,8,18,38,0.43574016,1.01026944,2.10592049,0.01191512,0.15185331,0.33383493
31069,0,USNebraskaGarden,Nebraska,Garden,2020-10-21 14:18:13.563526,2020-09-22 00:00:00.000000,1.02245534,2.23088747,4.38464642,18,40,80,8,19,39,0.43848322,1.04503048,2.12949943,0.01149852,0.15819060,0.33970066
31069,0,USNebraskaGarden,Nebraska,Garden,2020-10-21 14:18:13.563526,2020-09-23 00:00:00.000000,1.16949434,2.40537918,4.87733560,21,44,89,8,20,39,0.46548904,1.13224156,2.15890411,0.01148975,0.15830936,0.35252914
31069,0,USNebraskaGarden,Nebraska,Garden,2020-10-21 14:18:13.563526,2020-09-24 00:00:00.000000,1.31016517,2.64076901,5.28281926,24,48,97,9,22,40,0.49269761,1.22382614,2.22016016,0.01148445,0.16520088,0.38873437
31069,0,USNebraskaGarden,Nebraska,Garden,2020-10-21 14:18:13.563526,2020-09-25 00:00:00.000000,1.28161894,2.80255176,5.58596761,23,51,102,9,23,43,0.54391832,1.29749993,2.36284757,0.01146390,0.16529060,0.38009931
31069,0,USNebraskaGarden,Nebraska,Garden,2020-10-21 14:18:13.563526,2020-09-26 00:00:00.000000,1.25374089,3.01466217,5.86505592,23,55,107,11,26,46,0.60119495,1.41879071,2.54963900,0.01143057,0.16954955,0.37504632
31069,0,USNebraskaGarden,Nebraska,Garden,2020-10-21 14:18:13.563526,2020-09-27 00:00:00.000000,1.22742947,3.23810689,6.11265823,22,59,112,12,28,50,0.66180680,1.53783811,2.73724314,0.01138380,0.17227866,0.38281381
31069,0,USNebraskaGarden,Nebraska,Garden,2020-10-21 14:18:13.563526,2020-09-28 00:00:00.000000,1.14540679,3.25556236,6.25805796,21,59,114,13,29,53,0.72373094,1.61567844,2.92501389,0.01132238,0.17616569,0.38460701
31069,0,USNebraskaGarden,Nebraska,Garden,2020-10-21 14:18:13.563526,2020-09-29 00:00:00.000000,1.24066836,3.29374975,6.39882083,22,60,117,13,31,55,0.71137485,1.69103443,3.03364088,0.01124539,0.17814849,0.38526869
31069,0,USNebraskaGarden,Nebraska,Garden,2020-10-21 14:18:13.563526,2020-09-30 00:00:00.000000,1.34291544,3.43148420,6.53584816,24,63,120,12,32,56,0.67113166,1.75972689,3.09563129,0.01115214,0.17992322,0.38611317
31069,0,USNebraskaGarden,Nebraska,Garden,2020-10-21 14:18:13.563526,2020-10-01 00:00:00.000000,1.44243750,3.44230158,6.67015497,26,63,122,12,33,57,0.67965920,1.81718836,3.13016374,0.01104305,0.18176536,0.40507435
31069,0,USNebraskaGarden,Nebraska,Garden,2020-10-21 14:18:13.563526,2020-10-02 00:00:00.000000,1.44976887,3.48322069,6.80144175,26,63,124,13,35,57,0.73202807,1.91563727,3.14877514,0.01092038,0.18644737,0.44755560
31069,0,USNebraskaGarden,Nebraska,Garden,2020-10-21 14:18:13.563526,2020-10-03 00:00:00.000000,1.37452268,3.52307721,6.93097507,25,64,127,14,35,58,0.78498585,1.93710987,3.15869855,0.01078705,0.18722636,0.47284290
31069,0,USNebraskaGarden,Nebraska,Garden,2020-10-21 14:18:13.563526,2020-10-04 00:00:00.000000,1.30490246,3.58298831,7.05742024,23,65,129,15,35,58,0.81891783,1.94547059,3.17169753,0.01064351,0.18627275,0.52182434
31069,0,USNebraskaGarden,Nebraska,Garden,2020-10-21 14:18:13.563526,2020-10-05 00:00:00.000000,1.46012075,3.69582462,7.19693682,26,67,132,14,36,59,0.77873572,1.96610586,3.24131380,0.01048347,0.18648063,0.54943837
31069,0,USNebraskaGarden,Nebraska,Garden,2020-10-21 14:18:13.563526,2020-10-06 00:00:00.000000,1.59911954,3.88996807,7.64628684,29,71,140,14,37,61,0.78687361,2.04058535,3.35788528,0.01028967,0.19659508,0.58166187
31069,0,USNebraskaGarden,Nebraska,Garden,2020-10-21 14:18:13.563526,2020-10-07 00:00:00.000000,1.61031063,4.18051362,7.97922339,29,76,146,16,38,65,0.89239487,2.12128063,3.56162062,0.01003240,0.19799299,0.62824926
31069,0,USNebraskaGarden,Nebraska,Garden,2020-10-21 14:18:13.563526,2020-10-08 00:00:00.000000,1.70086267,4.45836892,8.44189365,31,81,155,17,41,66,0.92574293,2.23455070,3.59816657,0.00968494,0.20381412,0.67772132
31069,0,USNebraskaGarden,Nebraska,Garden,2020-10-21 14:18:13.563526,2020-10-09 00:00:00.000000,1.69036594,4.67052585,8.81115184,31,85,161,17,43,69,0.97288289,2.37680988,3.77092794,0.00923741,0.20197855,0.70972502
31069,0,USNebraskaGarden,Nebraska,Garden,2020-10-21 14:18:13.563526,2020-10-10 00:00:00.000000,1.68067422,4.79774535,9.17679608,30,88,168,18,45,73,1.00434608,2.50041804,4.02469956,0.00873967,0.21248901,0.72530341
31069,0,USNebraskaGarden,Nebraska,Garden,2020-10-21 14:18:13.563526,2020-10-11 00:00:00.000000,1.67145191,5.03589280,9.99978322,30,92,183,18,47,79,1.02563566,2.58461094,4.32608954,0.00828850,0.22356714,0.73203076
31069,0,USNebraskaGarden,Nebraska,Garden,2020-10-21 14:18:13.563526,2020-10-12 00:00:00.000000,2.11947073,5.25667666,10.87858192,38,96,199,19,49,85,1.07612928,2.70581103,4.63518599,0.00797187,0.22999437,0.73540818
31069,0,USNebraskaGarden,Nebraska,Garden,2020-10-21 14:18:13.563526,2020-10-13 00:00:00.000000,2.56799061,5.35170555,11.81050935,47,98,216,21,51,91,1.18315520,2.78263918,4.96418828,0.00788277,0.23056628,0.73850879
31069,0,USNebraskaGarden,Nebraska,Garden,2020-10-21 14:18:13.563526,2020-10-14 00:00:00.000000,3.02557136,5.66973453,12.79266092,55,104,235,24,53,96,1.35748367,2.88853789,5.27600313,0.00788120,0.23100502,0.74375471
31069,0,USNebraskaGarden,Nebraska,Garden,2020-10-21 14:18:13.563526,2020-10-15 00:00:00.000000,3.30472130,5.97397742,13.82404282,60,109,253,28,54,104,1.54581576,2.98525981,5.68111867,0.00788567,0.23246867,0.75447131
31069,0,USNebraskaGarden,Nebraska,Garden,2020-10-21 14:18:13.563526,2020-10-16 00:00:00.000000,3.48499908,6.20379561,14.90515043,64,113,273,32,56,112,1.75942773,3.08932949,6.12005669,0.00790137,0.23426460,0.77586545
31069,0,USNebraskaGarden,Nebraska,Garden,2020-10-21 14:18:13.563526,2020-10-17 00:00:00.000000,3.49044484,6.43732743,16.03833506,64,118,294,34,59,121,1.85328905,3.23786705,6.58888778,0.00805130,0.23214849,0.81362020
31069,0,USNebraskaGarden,Nebraska,Garden,2020-10-21 14:18:13.563526,2020-10-18 00:00:00.000000,3.45133197,6.73880623,17.22755873,63,123,316,34,61,130,1.87467522,3.32357709,7.08987550,0.00822890,0.22792182,0.86705729
31069,0,USNebraskaGarden,Nebraska,Garden,2020-10-21 14:18:13.563526,2020-10-19 00:00:00.000000,3.31143591,6.70540620,18.42324687,60,123,338,34,63,140,1.89138666,3.48253047,7.63528928,0.00847024,0.22531870,0.88574167
31069,0,USNebraskaGarden,Nebraska,Garden,2020-10-21 14:18:13.563526,2020-10-20 00:00:00.000000,3.17483729,6.66841776,19.66467624,58,122,361,33,65,150,1.85023220,3.55910460,8.19939232,0.00903019,0.22440631,0.90541660
31069,0,USNebraskaGarden,Nebraska,Garden,2020-10-21 14:18:13.563526,2020-10-21 00:00:00.000000,3.03816772,6.62421396,20.68206727,55,121,379,32,65,161,1.77522669,3.55528948,8.78360764,0.00944855,0.22432759,0.92387453
31069,0,USNebraskaGarden,Nebraska,Garden,2020-10-21 14:18:13.563526,2020-10-22 00:00:00.000000,2.90365543,6.54147191,21.45721347,53,120,394,30,64,172,1.67456603,3.52257879,9.37919748,0.00962578,0.22428736,0.93873946
31069,0,USNebraskaGarden,Nebraska,Garden,2020-10-21 14:18:13.563526,2020-10-23 00:00:00.000000,2.61866302,6.45452306,22.20822799,48,118,407,29,64,183,1.59925647,3.51222049,9.97785263,0.00968267,0.22426713,0.94927998
31069,0,USNebraskaGarden,Nebraska,Garden,2020-10-21 14:18:13.563526,2020-10-24 00:00:00.000000,2.32736382,6.33150852,22.92790566,42,116,421,28,64,194,1.53000879,3.53067804,10.57118807,0.00969931,0.22425704,0.95608671
31069,0,USNebraskaGarden,Nebraska,Garden,2020-10-21 14:18:13.563526,2020-10-25 00:00:00.000000,2.05842817,6.22658425,23.60913273,37,114,433,26,65,203,1.46144607,3.54620680,11.05419035,0.00970409,0.22425202,0.96021777
31069,0,USNebraskaGarden,Nebraska,Garden,2020-10-21 14:18:13.563526,2020-10-26 00:00:00.000000,1.81509227,6.20279253,24.24511932,33,113,445,24,65,211,1.33799837,3.55661882,11.50144980,0.00970548,0.22424952,0.96263063
31069,0,USNebraskaGarden,Nebraska,Garden,2020-10-21 14:18:13.563526,2020-10-27 00:00:00.000000,1.59536367,6.17624935,24.87566485,29,113,456,21,64,218,1.17513523,3.51833575,11.91121945,0.00970589,0.22424828,0.96400842
31069,0,USNebraskaGarden,Nebraska,Garden,2020-10-21 14:18:13.563526,2020-10-28 00:00:00.000000,1.39592704,6.14693517,25.84412053,25,112,474,18,63,225,1.02700391,3.47321998,12.27989637,0.00970602,0.22424767,0.96478504
31069,0,USNebraskaGarden,Nebraska,Garden,2020-10-21 14:18:13.563526,2020-10-29 00:00:00.000000,1.20307976,6.11485599,26.72995343,22,112,491,16,62,231,0.89403468,3.42663560,12.61644676,0.00970607,0.22424736,0.96521961
31069,0,USNebraskaGarden,Nebraska,Garden,2020-10-21 14:18:13.563526,2020-10-30 00:00:00.000000,1.03530138,6.08003281,27.51913132,19,111,505,14,62,237,0.77585048,3.37733450,12.92672853,0.00970609,0.22424721,0.96546180
31069,0,USNebraskaGarden,Nebraska,Garden,2020-10-21 14:18:13.563526,2020-10-31 00:00:00.000000,0.88985047,6.01465577,28.19491691,16,110,517,12,60,242,0.68562701,3.27431682,13.20827099,0.00970609,0.22424714,0.96559647
31069,0,USNebraskaGarden,Nebraska,Garden,2020-10-21 14:18:13.563526,2020-11-01 00:00:00.000000,0.76410767,5.87877437,28.74930623,14,107,528,11,59,247,0.60732364,3.21685980,13.45337315,0.00970610,0.22424710,0.96567127
31069,0,USNebraskaGarden,Nebraska,Garden,2020-10-21 14:18:13.563526,2020-11-02 00:00:00.000000,0.65564223,5.73465044,28.83803217,12,105,529,9,58,251,0.53668427,3.15943131,13.66379889,0.00970610,0.22424708,0.96571278
